request_id,master_id,worker_id,query,start_time,end_time,latency,status,error
0,1,0,Explain REST API design,1778536603.7535744,1778536604.4921134,0.7385389804840088,success,
1,2,2,Define neural networks,1778536604.0593305,1778536604.7261972,0.6668667793273926,success,
3,2,3,What is concurrency vs parallelism?,1778536604.652159,1778536605.4026542,0.750495195388794,success,
2,1,1,How does hashing work?,1778536604.3528676,1778536605.4128573,1.0599896907806396,success,
4,1,0,What is a blockchain?,1778536604.9532897,1778536605.7758505,0.8225607872009277,success,
5,2,2,What is microservices architecture?,1778536605.2793825,1778536606.055625,0.7762424945831299,success,
7,2,3,What is a blockchain?,1778536605.8573701,1778536606.7103012,0.852931022644043,success,
6,1,1,What is distributed computing?,1778536605.569451,1778536606.712386,1.142934799194336,success,
8,1,0,What is a deadlock?,1778536606.1801283,1778536607.2918825,1.1117541790008545,success,
9,2,2,What is microservices architecture?,1778536606.466477,1778536607.35476,0.8882830142974854,success,
10,1,1,Define neural networks,1778536606.7782505,1778536607.6510944,0.8728439807891846,success,
11,2,3,Explain MapReduce,1778536607.0590231,1778536607.8568141,0.7977910041809082,success,
12,1,0,What is a blockchain?,1778536607.3832824,1778536608.1968207,0.8135383129119873,success,
13,2,2,Explain gradient descent,1778536607.659392,1778536608.5029924,0.8436002731323242,success,
14,1,1,Explain MapReduce,1778536607.959067,1778536608.721086,0.7620189189910889,success,
15,2,3,What is load balancing?,1778536608.2894073,1778536609.4037068,1.1142995357513428,success,
16,1,0,Define neural networks,1778536608.578248,1778536609.4547343,0.8764863014221191,success,
17,2,2,Explain gradient descent,1778536608.885198,1778536609.7811553,0.8959572315216064,success,
18,1,1,Explain MapReduce,1778536609.1997194,1778536610.005381,0.805661678314209,success,
19,2,3,Explain gradient descent,1778536609.475299,1778536610.3225083,0.8472094535827637,success,
20,1,0,Explain REST API design,1778536609.7757852,1778536610.7133985,0.9376132488250732,success,
21,2,2,What is microservices architecture?,1778536610.0910141,1778536611.0460646,0.9550504684448242,success,
23,2,3,Define neural networks,1778536610.6673334,1778536611.5374386,0.8701052665710449,success,
22,1,1,What is load balancing?,1778536610.3885996,1778536611.6695826,1.2809829711914062,success,
24,1,0,Define neural networks,1778536610.9647436,1778536611.7876592,0.8229155540466309,success,
26,1,1,How does GPU scheduling work?,1778536611.5986063,1778536612.5431206,0.944514274597168,success,
25,2,2,How does hashing work?,1778536611.2939508,1778536612.5431206,1.2491698265075684,success,
27,2,3,Explain REST API design,1778536611.8698516,1778536612.8886795,1.0188279151916504,success,
28,1,0,Difference between TCP and UDP,1778536612.173371,1778536613.2417681,1.068397045135498,success,
29,2,2,How does GPU scheduling work?,1778536612.483285,1778536613.4531817,0.9698967933654785,success,
30,1,1,What is a blockchain?,1778536612.767791,1778536613.729173,0.9613819122314453,success,
31,2,3,What is a blockchain?,1778536613.0720727,1778536613.9690034,0.8969306945800781,success,
34,1,1,What is microservices architecture?,1778536613.9937084,1778536614.7035353,0.7098269462585449,success,
33,2,2,Define neural networks,1778536613.6957557,1778536614.4658647,0.7701089382171631,success,
32,1,0,What is a deadlock?,1778536613.3875582,1778536614.3788295,0.9912712574005127,success,
36,1,0,Define neural networks,1778536614.9554558,1778536615.6903038,0.7348480224609375,success,
35,2,3,Explain Docker containers,1778536614.9550931,1778536615.73387,0.7787768840789795,success,
37,2,2,Explain MapReduce,1778536615.280673,1778536616.0294206,0.7487475872039795,success,
38,1,1,Explain MapReduce,1778536615.557138,1778536616.2781932,0.721055269241333,success,
39,2,3,What is a deadlock?,1778536615.8688297,1778536616.8254802,0.9566504955291748,success,
40,1,0,What is distributed computing?,1778536616.1733353,1778536617.283099,1.1097636222839355,success,
41,2,2,Explain gradient descent,1778536616.4804997,1778536617.367946,0.8874461650848389,success,
42,1,1,What is a blockchain?,1778536616.7593088,1778536617.8355706,1.0762617588043213,success,
43,2,3,What is Kubernetes?,1778536617.0693202,1778536617.8647997,0.7954795360565186,success,
44,1,0,What is a deadlock?,1778536617.3638463,1778536618.3413653,0.9775190353393555,success,
45,2,2,Define neural networks,1778536617.6880834,1778536618.4412065,0.7531230449676514,success,
46,1,1,What is distributed computing?,1778536617.9599526,1778536619.035393,1.0754404067993164,success,
48,1,0,Difference between TCP and UDP,1778536618.8050559,1778536619.7023315,0.8972756862640381,success,
47,2,3,What is distributed computing?,1778536618.509688,1778536619.7681937,1.2585058212280273,success,
49,2,2,What is concurrency vs parallelism?,1778536618.875291,1778536619.7958674,0.9205763339996338,success,
52,1,0,Define neural networks,1778536619.7865603,1778536620.670593,0.8840327262878418,success,
51,2,3,What is a blockchain?,1778536619.4643514,1778536620.6721492,1.2077977657318115,success,
50,1,1,What is load balancing?,1778536619.1630423,1778536620.7785923,1.6155500411987305,success,
53,2,2,What is load balancing?,1778536620.1278975,1778536621.5026999,1.3748023509979248,success,
55,2,3,Explain Docker containers,1778536620.6675584,1778536621.6304686,0.9629101753234863,success,
54,1,1,Explain REST API design,1778536620.4208736,1778536621.975645,1.5547714233398438,success,
56,1,0,What is microservices architecture?,1778536620.9935899,1778536622.0872548,1.0936648845672607,success,
57,2,2,Explain REST API design,1778536621.288107,1778536622.8126743,1.5245673656463623,success,
58,1,1,What is Kubernetes?,1778536621.5699468,1778536622.9856997,1.41575288772583,success,
59,2,3,What is microservices architecture?,1778536621.9247534,1778536623.158576,1.2338225841522217,success,
60,1,0,What is distributed computing?,1778536622.1975586,1778536623.7843463,1.5867877006530762,success,
61,2,2,Explain gradient descent,1778536622.4750748,1778536624.0656238,1.5905489921569824,success,
62,1,1,Explain gradient descent,1778536622.7866526,1778536624.1587274,1.372074842453003,success,
63,2,3,Explain MapReduce,1778536623.075375,1778536624.2067945,1.1314194202423096,success,
65,2,2,Explain MapReduce,1778536623.691563,1778536625.1098049,1.4182419776916504,success,
64,1,0,Explain REST API design,1778536623.3920107,1778536625.1628385,1.7708277702331543,success,
67,2,3,What is microservices architecture?,1778536624.279132,1778536625.4920218,1.2128899097442627,success,
66,1,1,What is load balancing?,1778536623.9819007,1778536625.915091,1.9331903457641602,success,
69,2,2,What is a deadlock?,1778536624.9170573,1778536626.5180805,1.6010231971740723,success,
68,1,0,What is distributed computing?,1778536624.6029603,1778536626.8640938,2.2611334323883057,success,
70,1,1,Difference between TCP and UDP,1778536625.1877258,1778536627.0084903,1.8207645416259766,success,
71,2,3,How does hashing work?,1778536625.4869986,1778536627.066545,1.5795464515686035,success,
72,1,0,What is microservices architecture?,1778536625.7869859,1778536627.989181,2.202195167541504,success,
74,1,1,What is Kubernetes?,1778536626.4061983,1778536628.1487534,1.7425551414489746,success,
73,2,2,What is load balancing?,1778536626.087435,1778536628.3895388,2.3021037578582764,success,
75,2,3,What is load balancing?,1778536626.6873848,1778536628.800299,2.1129140853881836,success,
78,1,1,Difference between TCP and UDP,1778536627.5887682,1778536629.2634366,1.674668312072754,success,
77,2,2,Define neural networks,1778536627.2882245,1778536629.5434742,2.2552497386932373,success,
76,1,0,What is distributed computing?,1778536626.9853573,1778536629.6990604,2.713703155517578,success,
79,2,3,Explain MapReduce,1778536627.898496,1778536630.0413206,2.142824649810791,success,
81,2,2,What is concurrency vs parallelism?,1778536628.493662,1778536630.7389555,2.245293378829956,success,
82,1,1,What is a deadlock?,1778536628.8046832,1778536630.7523146,1.9476313591003418,success,
80,1,0,Explain MapReduce,1778536628.1911166,1778536630.8587973,2.6676807403564453,success,
83,2,3,What is distributed computing?,1778536629.1058261,1778536631.6064765,2.500650405883789,success,
85,2,2,Difference between TCP and UDP,1778536629.720055,1778536631.8698623,2.1498072147369385,success,
86,1,1,How does GPU scheduling work?,1778536630.0112379,1778536631.916282,1.9050440788269043,success,
84,1,0,Explain MapReduce,1778536629.4350214,1778536632.007699,2.5726776123046875,success,
87,2,3,What is a blockchain?,1778536630.3061118,1778536632.7891548,2.4830429553985596,success,
89,2,2,What is a blockchain?,1778536630.9070942,1778536633.0067399,2.0996456146240234,success,
88,1,0,How does GPU scheduling work?,1778536630.6111975,1778536633.1006489,2.4894514083862305,success,
90,1,1,Explain gradient descent,1778536631.2090096,1778536633.1579049,1.9488952159881592,success,
91,2,3,Difference between TCP and UDP,1778536631.5088117,1778536633.8805754,2.3717637062072754,success,
92,1,0,What is concurrency vs parallelism?,1778536631.8094487,1778536634.1709642,2.361515522003174,success,
93,2,2,What is microservices architecture?,1778536632.1260922,1778536634.1781626,2.052070379257202,success,
94,1,1,Explain MapReduce,1778536632.4276707,1778536634.27603,1.8483593463897705,success,
95,2,3,What is a deadlock?,1778536632.711393,1778536635.1594777,2.448084592819214,success,
96,1,0,What is Kubernetes?,1778536633.0121238,1778536635.207606,2.1954822540283203,success,
98,1,1,Explain REST API design,1778536633.6165097,1778536635.5505536,1.9340438842773438,success,
97,2,2,How does hashing work?,1778536633.3274875,1778536635.9370215,2.6095340251922607,success,
100,1,0,Explain MapReduce,1778536634.215288,1778536636.4683704,2.253082513809204,success,
102,1,1,How does GPU scheduling work?,1778536634.8236034,1778536636.688295,1.8646914958953857,success,
99,2,3,What is load balancing?,1778536633.9171274,1778536636.7459466,2.8288192749023438,success,
101,2,2,Explain MapReduce,1778536634.6626625,1778536636.9516957,2.2890331745147705,success,
106,1,1,What is concurrency vs parallelism?,1778536636.0524302,1778536637.8213184,1.768888235092163,success,
105,2,2,What is concurrency vs parallelism?,1778536635.7288306,1778536637.8801486,2.151318073272705,success,
103,2,3,What is a deadlock?,1778536635.1196873,1778536637.9268415,2.8071541786193848,success,
104,1,0,What is load balancing?,1778536635.4249988,1778536637.9894772,2.5644783973693848,success,
108,1,0,Explain MapReduce,1778536636.6209846,1778536638.9223576,2.30137300491333,success,
109,2,2,What is Kubernetes?,1778536636.9180164,1778536638.970397,2.0523805618286133,success,
110,1,1,What is distributed computing?,1778536637.2406974,1778536639.2426543,2.0019569396972656,success,
107,2,3,What is load balancing?,1778536636.344269,1778536639.4094644,3.065195322036743,success,
113,2,2,Explain MapReduce,1778536638.1206465,1778536639.9249613,1.8043148517608643,success,
112,1,0,Explain REST API design,1778536637.8505087,1778536640.1828852,2.332376480102539,success,
114,1,1,Difference between TCP and UDP,1778536638.437592,1778536640.334385,1.8967928886413574,success,
111,2,3,What is load balancing?,1778536637.559314,1778536640.8366992,3.2773852348327637,success,
117,2,2,What is Kubernetes?,1778536639.3237622,1778536640.9278202,1.604058027267456,success,
116,1,0,Explain MapReduce,1778536639.0242186,1778536641.1262352,2.1020166873931885,success,
118,1,1,What is concurrency vs parallelism?,1778536639.6362364,1778536641.432756,1.7965195178985596,success,
115,2,3,What is concurrency vs parallelism?,1778536638.7219322,1778536641.8514385,3.1295063495635986,success,
121,2,2,Explain REST API design,1778536640.5392182,1778536642.131703,1.592484712600708,success,
120,1,0,What is a deadlock?,1778536640.227043,1778536642.368131,2.1410880088806152,success,
122,1,1,What is concurrency vs parallelism?,1778536640.852669,1778536642.457116,1.6044468879699707,success,
119,2,3,What is a blockchain?,1778536639.9367378,1778536642.9042718,2.967534065246582,success,
124,1,0,Define neural networks,1778536641.4488506,1778536643.396149,1.947298288345337,success,
126,1,1,What is concurrency vs parallelism?,1778536642.0514657,1778536643.4375641,1.3860983848571777,success,
125,2,2,What is load balancing?,1778536641.7291996,1778536643.606539,1.8773393630981445,success,
123,2,3,How does GPU scheduling work?,1778536641.1280239,1778536643.9284465,2.8004226684570312,success,
128,1,0,Explain gradient descent,1778536642.6409147,1778536644.4914134,1.8504986763000488,success,
129,2,2,What is Kubernetes?,1778536642.9330957,1778536644.6048512,1.6717555522918701,success,
130,1,1,What is a deadlock?,1778536643.2351232,1778536644.6501985,1.4150753021240234,success,
127,2,3,Explain REST API design,1778536642.3317304,1778536645.08365,2.751919746398926,success,
133,2,2,Explain Docker containers,1778536644.1592672,1778536645.5073755,1.3481082916259766,success,
134,1,1,How does GPU scheduling work?,1778536644.469695,1778536645.6658587,1.1961636543273926,success,
132,1,0,What is a deadlock?,1778536643.8339827,1778536645.7427344,1.9087517261505127,success,
138,1,1,Explain Docker containers,1778536645.639999,1778536646.5228918,0.8828928470611572,success,
131,2,3,What is distributed computing?,1778536643.5482764,1778536646.5790455,3.030769109725952,success,
137,2,2,Explain MapReduce,1778536645.358613,1778536646.6251159,1.266502857208252,success,
136,1,0,What is a deadlock?,1778536645.036757,1778536646.839516,1.8027589321136475,success,
135,2,3,How does GPU scheduling work?,1778536644.7379148,1778536647.623744,2.885829210281372,success,
140,1,0,Define neural networks,1778536646.2513006,1778536647.746752,1.4954514503479004,success,
142,1,1,What is concurrency vs parallelism?,1778536646.8807626,1778536647.8274693,0.9467067718505859,success,
141,2,2,What is a deadlock?,1778536646.5501091,1778536647.908417,1.3583078384399414,success,
139,2,3,Difference between TCP and UDP,1778536645.966154,1778536648.5516825,2.5855283737182617,success,
144,1,0,How does GPU scheduling work?,1778536647.4500573,1778536648.7816048,1.331547498703003,success,
145,2,2,How does GPU scheduling work?,1778536647.7517238,1778536648.9496865,1.197962760925293,success,
146,1,1,What is distributed computing?,1778536648.0709987,1778536649.684868,1.6138694286346436,success,
143,2,3,What is a deadlock?,1778536647.1652718,1778536649.7530022,2.5877304077148438,success,
148,1,0,How does GPU scheduling work?,1778536648.6657379,1778536649.798484,1.1327462196350098,success,
149,2,2,What is Kubernetes?,1778536648.9541414,1778536649.8417983,0.8876569271087646,success,
150,1,1,Difference between TCP and UDP,1778536649.2678094,1778536650.6139219,1.3461124897003174,success,
147,2,3,What is a blockchain?,1778536648.353468,1778536650.693279,2.339811086654663,success,
152,1,0,What is a deadlock?,1778536649.8575675,1778536650.9633267,1.1057591438293457,success,
153,2,2,Explain gradient descent,1778536650.1695318,1778536651.2272909,1.0577590465545654,success,
151,2,3,Define neural networks,1778536649.556083,1778536651.564269,2.008186101913452,success,
154,1,1,What is concurrency vs parallelism?,1778536650.458753,1778536651.566273,1.1075198650360107,success,
156,1,0,Difference between TCP and UDP,1778536651.1029184,1778536652.037642,0.9347236156463623,success,
157,2,2,What is a blockchain?,1778536651.3821552,1778536652.4160838,1.033928632736206,success,
155,2,3,Define neural networks,1778536650.7587314,1778536652.429384,1.6706526279449463,success,
158,1,1,What is microservices architecture?,1778536651.6611135,1778536652.5670907,0.9059772491455078,success,
159,2,3,What is Kubernetes?,1778536651.9631054,1778536653.2719476,1.3088421821594238,success,
160,1,0,What is a blockchain?,1778536652.2741175,1778536653.387381,1.1132636070251465,success,
161,2,2,What is a deadlock?,1778536652.5923474,1778536653.945576,1.3532285690307617,success,
162,1,1,What is microservices architecture?,1778536652.9016597,1778536654.043607,1.1419472694396973,success,
163,2,3,Difference between TCP and UDP,1778536653.1977026,1778536654.3931453,1.1954426765441895,success,
165,2,2,Explain gradient descent,1778536653.77137,1778536655.066316,1.2949459552764893,success,
166,1,1,Explain MapReduce,1778536654.0878482,1778536655.1723273,1.0844790935516357,success,
164,1,0,What is distributed computing?,1778536653.5034747,1778536655.2156885,1.7122137546539307,success,
167,2,3,Define neural networks,1778536654.3735065,1778536655.469593,1.0960865020751953,success,
170,1,1,Define neural networks,1778536655.2881687,1778536656.491143,1.2029743194580078,success,
169,2,2,How does hashing work?,1778536654.9737315,1778536656.659151,1.6854195594787598,success,
168,1,0,What is load balancing?,1778536654.6950994,1778536656.798761,2.10366153717041,success,
171,2,3,What is distributed computing?,1778536655.598965,1778536657.1865568,1.5875918865203857,success,
174,1,1,What is Kubernetes?,1778536656.5655458,1778536657.6207314,1.0551855564117432,success,
172,1,0,Explain gradient descent,1778536655.8772702,1778536657.9586742,2.081403970718384,success,
175,2,3,Difference between TCP and UDP,1778536656.8823452,1778536658.3179219,1.4355766773223877,success,
173,2,2,How does hashing work?,1778536656.1972473,1778536658.4578068,2.260559558868408,success,
178,1,1,Difference between TCP and UDP,1778536657.7674928,1778536658.837002,1.0695092678070068,success,
179,2,3,What is Kubernetes?,1778536658.0907125,1778536659.3132613,1.2225487232208252,success,
176,1,0,Explain REST API design,1778536657.1692975,1778536659.59745,2.428152561187744,success,
177,2,2,What is concurrency vs parallelism?,1778536657.4799795,1778536659.6595793,2.1795997619628906,success,
182,1,1,Explain gradient descent,1778536658.9938946,1778536660.2559576,1.2620630264282227,success,
183,2,3,What is Kubernetes?,1778536659.2956278,1778536660.5062969,1.2106690406799316,success,
181,2,2,What is microservices architecture?,1778536658.669834,1778536660.823034,2.153200149536133,success,
180,1,0,How does hashing work?,1778536658.3697283,1778536661.2797823,2.9100539684295654,success,
187,2,3,Define neural networks,1778536660.4773235,1778536661.5910022,1.1136786937713623,success,
186,1,1,How does GPU scheduling work?,1778536660.177566,1778536661.6316833,1.4541172981262207,success,
185,2,2,How does hashing work?,1778536659.890047,1778536662.3095953,2.419548273086548,success,
184,1,0,Explain MapReduce,1778536659.5885653,1778536662.3240147,2.7354493141174316,success,
190,1,1,What is Kubernetes?,1778536661.3787177,1778536662.6946342,1.3159165382385254,success,
191,2,3,What is distributed computing?,1778536661.691951,1778536663.1364355,1.4444844722747803,success,
189,2,2,Explain REST API design,1778536661.0789604,1778536663.492987,2.4140264987945557,success,
194,1,1,What is concurrency vs parallelism?,1778536662.5760565,1778536663.6790347,1.102978229522705,success,
188,1,0,What is distributed computing?,1778536660.7745275,1778536663.751756,2.9772284030914307,success,
195,2,3,What is microservices architecture?,1778536662.8751054,1778536664.1910872,1.3159818649291992,success,
193,2,2,Explain MapReduce,1778536662.2736454,1778536664.6027591,2.329113721847534,success,
192,1,0,What is microservices architecture?,1778536661.9717596,1778536664.7247503,2.75299072265625,success,
198,1,1,Explain REST API design,1778536663.8031123,1778536664.9874709,1.1843585968017578,success,
199,2,3,Explain REST API design,1778536664.0974839,1778536665.4103336,1.312849760055542,success,
196,1,0,What is a blockchain?,1778536663.1761594,1778536665.7211432,2.5449838638305664,success,
197,2,2,Explain REST API design,1778536663.5105302,1778536665.7863064,2.2757761478424072,success,
202,1,1,Difference between TCP and UDP,1778536664.9790702,1778536666.0308394,1.0517692565917969,success,
203,2,3,What is Kubernetes?,1778536665.3195674,1778536666.295803,0.9762356281280518,success,
200,1,0,What is a blockchain?,1778536664.377276,1778536666.6641653,2.2868893146514893,success,
201,2,2,How does GPU scheduling work?,1778536664.677366,1778536666.7843714,2.1070053577423096,success,
206,1,1,Explain MapReduce,1778536666.2050173,1778536667.127598,0.9225807189941406,success,
207,2,3,Difference between TCP and UDP,1778536666.5018315,1778536667.5240803,1.0222487449645996,success,
205,2,2,What is a blockchain?,1778536665.880886,1778536667.6707191,1.7898330688476562,success,
204,1,0,Explain gradient descent,1778536665.5835743,1778536667.6707191,2.0871448516845703,success,
210,1,1,What is a blockchain?,1778536667.3864498,1778536668.326867,0.9404172897338867,success,
209,2,2,Difference between TCP and UDP,1778536667.0966263,1778536668.5614612,1.4648349285125732,success,
208,1,0,How does hashing work?,1778536666.7823646,1778536669.0134184,2.2310538291931152,success,
211,2,3,What is a deadlock?,1778536667.7045157,1778536669.0174267,1.312911033630371,success,
214,1,1,Explain MapReduce,1778536668.5871484,1778536669.5433142,0.9561657905578613,success,
213,2,2,Explain REST API design,1778536668.2888072,1778536669.6735973,1.3847901821136475,success,
215,2,3,Define neural networks,1778536668.9070659,1778536669.9805841,1.0735182762145996,success,
212,1,0,Explain gradient descent,1778536668.0085926,1778536670.0155332,2.0069406032562256,success,
217,2,2,Define neural networks,1778536669.5027623,1778536670.6037788,1.1010165214538574,success,
218,1,1,What is a blockchain?,1778536669.790701,1778536670.847778,1.057077169418335,success,
216,1,0,What is microservices architecture?,1778536669.1913939,1778536670.9334838,1.7420899868011475,success,
219,2,3,What is Kubernetes?,1778536670.112957,1778536670.9683716,0.855414628982544,success,
221,2,2,What is Kubernetes?,1778536670.6934578,1778536671.5744011,0.8809432983398438,success,
220,1,0,Difference between TCP and UDP,1778536670.416964,1778536671.7529166,1.3359525203704834,success,
222,1,1,Explain REST API design,1778536670.9949977,1778536672.0767498,1.081752061843872,success,
223,2,3,Define neural networks,1778536671.3341155,1778536672.2303493,0.8962337970733643,success,
224,1,0,What is microservices architecture?,1778536671.5964477,1778536672.6154041,1.0189564228057861,success,
225,2,2,What is load balancing?,1778536671.9138749,1778536673.1601198,1.2462449073791504,success,
226,1,1,How does GPU scheduling work?,1778536672.2350714,1778536673.3461292,1.1110577583312988,success,
227,2,3,What is Kubernetes?,1778536672.4966326,1778536673.4085522,0.9119195938110352,success,
228,1,0,What is a blockchain?,1778536672.8095727,1778536673.7145677,0.9049949645996094,success,
229,2,2,What is Kubernetes?,1778536673.1147456,1778536673.9743001,0.8595545291900635,success,
230,1,1,What is a blockchain?,1778536673.4165857,1778536674.2184618,0.8018760681152344,success,
231,2,3,Explain REST API design,1778536673.725903,1778536674.6198766,0.8939735889434814,success,
232,1,0,Explain MapReduce,1778536674.00095,1778536674.762167,0.7612168788909912,success,
234,1,1,How does hashing work?,1778536674.6141593,1778536675.698306,1.0841467380523682,success,
233,2,2,What is load balancing?,1778536674.3258407,1778536675.7893267,1.4634859561920166,success,
236,1,0,Define neural networks,1778536675.2252595,1778536676.1857977,0.9605381488800049,success,
235,2,3,How does hashing work?,1778536674.9020126,1778536676.1857977,1.283785104751587,success,
238,1,1,What is microservices architecture?,1778536675.804773,1778536676.7919965,0.9872233867645264,success,
237,2,2,What is Kubernetes?,1778536675.5216935,1778536676.7919965,1.2703030109405518,success,
239,2,3,What is a deadlock?,1778536676.1209939,1778536677.3554468,1.2344529628753662,success,
241,2,2,Define neural networks,1778536676.7076428,1778536677.7831726,1.0755298137664795,success,
240,1,0,What is distributed computing?,1778536676.40495,1778536677.9602807,1.555330753326416,success,
242,1,1,Define neural networks,1778536677.0112617,1778536678.2989573,1.2876956462860107,success,
243,2,3,How does GPU scheduling work?,1778536677.324385,1778536678.4979825,1.1735975742340088,success,
244,1,0,What is Kubernetes?,1778536677.6298232,1778536678.978673,1.3488497734069824,success,
245,2,2,What is concurrency vs parallelism?,1778536677.941293,1778536679.0805228,1.1392297744750977,success,
246,1,1,How does hashing work?,1778536678.2143614,1778536679.746479,1.5321176052093506,success,
247,2,3,How does hashing work?,1778536678.5431886,1778536680.0223594,1.479170799255371,success,
249,2,2,Difference between TCP and UDP,1778536679.1383803,1778536680.2488728,1.110492467880249,success,
248,1,0,What is a blockchain?,1778536678.8167992,1778536680.2508905,1.434091329574585,success,
250,1,1,Explain Docker containers,1778536679.4369354,1778536680.7960439,1.3591084480285645,success,
251,2,3,Explain Docker containers,1778536679.737894,1778536681.1621897,1.4242956638336182,success,
252,1,0,Explain Docker containers,1778536680.0211408,1778536681.256255,1.2351140975952148,success,
253,2,2,What is a blockchain?,1778536680.3212457,1778536681.526389,1.2051432132720947,success,
254,1,1,How does GPU scheduling work?,1778536680.6217444,1778536682.0433955,1.4216511249542236,success,
255,2,3,What is microservices architecture?,1778536680.9429426,1778536682.3088286,1.3658859729766846,success,
256,1,0,Explain Docker containers,1778536681.225156,1778536682.3623533,1.1371972560882568,success,
257,2,2,What is concurrency vs parallelism?,1778536681.5582564,1778536682.750747,1.192490577697754,success,
258,1,1,Explain MapReduce,1778536681.8410995,1778536683.130852,1.28975248336792,success,
259,2,3,What is concurrency vs parallelism?,1778536682.1676102,1778536683.4684212,1.3008110523223877,success,
260,1,0,Explain REST API design,1778536682.4252741,1778536683.8260272,1.4007530212402344,success,
262,1,1,What is a blockchain?,1778536683.0375059,1778536684.3715136,1.334007740020752,success,
261,2,2,What is load balancing?,1778536682.728384,1778536684.5213523,1.7929682731628418,success,
263,2,3,Explain gradient descent,1778536683.3476586,1778536684.6766412,1.3289825916290283,success,
264,1,0,Define neural networks,1778536683.6367722,1778536685.0182366,1.3814644813537598,success,
266,1,1,What is a blockchain?,1778536684.2328403,1778536685.591702,1.3588616847991943,success,
265,2,2,What is microservices architecture?,1778536683.96047,1778536685.7220247,1.7615547180175781,success,
267,2,3,What is a blockchain?,1778536684.535208,1778536685.9403057,1.4050977230072021,success,
268,1,0,How does hashing work?,1778536684.839568,1778536686.5350041,1.6954362392425537,success,
269,2,2,Difference between TCP and UDP,1778536685.1754391,1778536686.746527,1.5710878372192383,success,
270,1,1,Explain gradient descent,1778536685.439837,1778536686.77477,1.3349330425262451,success,
271,2,3,What is a deadlock?,1778536685.7401083,1778536687.2621553,1.5220470428466797,success,
272,1,0,What is concurrency vs parallelism?,1778536686.0453758,1778536687.643287,1.5979111194610596,success,
273,2,2,How does GPU scheduling work?,1778536686.3373992,1778536687.8576682,1.5202689170837402,success,
274,1,1,What is a blockchain?,1778536686.6371062,1778536687.905659,1.2685527801513672,success,
275,2,3,Define neural networks,1778536686.9349937,1778536688.361989,1.4269952774047852,success,
276,1,0,How does GPU scheduling work?,1778536687.257204,1778536688.762021,1.504817008972168,success,
277,2,2,What is concurrency vs parallelism?,1778536687.5517266,1778536688.9712687,1.4195420742034912,success,
278,1,1,How does GPU scheduling work?,1778536687.8421419,1778536688.9727097,1.1305677890777588,success,
279,2,3,What is load balancing?,1778536688.1403549,1778536690.0544982,1.9141433238983154,success,
282,1,1,How does GPU scheduling work?,1778536689.056487,1778536690.0910735,1.0345864295959473,success,
280,1,0,What is distributed computing?,1778536688.4386573,1778536690.16214,1.723482608795166,success,
281,2,2,What is distributed computing?,1778536688.7399883,1778536690.2944856,1.554497241973877,success,
283,2,3,Explain Docker containers,1778536689.3582826,1778536690.9860988,1.6278162002563477,success,
286,1,1,What is concurrency vs parallelism?,1778536690.2944856,1778536691.3236625,1.029176950454712,success,
285,2,2,What is a deadlock?,1778536689.9459615,1778536691.439071,1.4931094646453857,success,
284,1,0,How does hashing work?,1778536689.6396725,1778536691.4794493,1.8397767543792725,success,
287,2,3,Explain gradient descent,1778536690.5547984,1778536691.9785843,1.423785924911499,success,
289,2,2,What is Kubernetes?,1778536691.1533592,1778536692.334398,1.1810388565063477,success,
290,1,1,Explain MapReduce,1778536691.4882677,1778536692.4473133,0.9590456485748291,success,
288,1,0,Explain Docker containers,1778536690.8493109,1778536692.486535,1.6372241973876953,success,
291,2,3,What is a blockchain?,1778536691.7548416,1778536692.9601645,1.2053229808807373,success,
293,2,2,How does GPU scheduling work?,1778536692.3753016,1778536693.3794835,1.0041818618774414,success,
292,1,0,How does hashing work?,1778536692.06598,1778536693.7654293,1.6994493007659912,success,
294,1,1,Explain REST API design,1778536692.6894674,1778536693.8932333,1.203765869140625,success,
295,2,3,Explain REST API design,1778536692.9482486,1778536694.087243,1.1389944553375244,success,
297,2,2,Explain Docker containers,1778536693.5541813,1778536694.4777808,0.9235994815826416,success,
296,1,0,What is Kubernetes?,1778536693.269672,1778536694.641815,1.372143030166626,success,
298,1,1,What is Kubernetes?,1778536693.8961732,1778536694.7558026,0.8596293926239014,success,
299,2,3,How does GPU scheduling work?,1778536694.1862051,1778536695.1058636,0.9196584224700928,success,
301,2,2,What is a blockchain?,1778536694.7618432,1778536695.685604,0.9237608909606934,success,
300,1,0,What is load balancing?,1778536694.4597344,1778536695.8558652,1.3961308002471924,success,
302,1,1,Explain REST API design,1778536695.0637937,1778536696.1742985,1.1105048656463623,success,
303,2,3,What is distributed computing?,1778536695.3835154,1778536696.6499262,1.2664108276367188,success,
304,1,0,Explain MapReduce,1778536695.6754956,1778536696.840334,1.1648383140563965,success,
305,2,2,What is concurrency vs parallelism?,1778536695.9661705,1778536697.0043352,1.0381646156311035,success,
306,1,1,What is a deadlock?,1778536696.2594812,1778536697.3918056,1.132324457168579,success,
307,2,3,What is concurrency vs parallelism?,1778536696.5631013,1778536697.593313,1.0302116870880127,success,
308,1,0,Explain MapReduce,1778536696.8560653,1778536697.7070656,0.8510003089904785,success,
309,2,2,Explain gradient descent,1778536697.2124405,1778536698.1364243,0.9239838123321533,success,
310,1,1,What is concurrency vs parallelism?,1778536697.491463,1778536698.3192546,0.827791690826416,success,
311,2,3,What is Kubernetes?,1778536697.7600534,1778536698.5812097,0.8211562633514404,success,
312,1,0,How does GPU scheduling work?,1778536698.0621986,1778536698.9259017,0.8637030124664307,success,
313,2,2,What is load balancing?,1778536698.3606732,1778536699.5503223,1.1896491050720215,success,
314,1,1,What is concurrency vs parallelism?,1778536698.6600606,1778536699.6318874,0.9718267917633057,success,
315,2,3,Explain REST API design,1778536698.9997358,1778536700.0726113,1.0728754997253418,success,
316,1,0,What is microservices architecture?,1778536699.2763598,1778536700.229582,0.9532222747802734,success,
317,2,2,Explain Docker containers,1778536699.5616481,1778536700.4309042,0.8692560195922852,success,
319,2,3,What is microservices architecture?,1778536700.1808724,1778536701.1029317,0.9220592975616455,success,
318,1,1,What is distributed computing?,1778536699.8648198,1778536701.3073819,1.4425621032714844,success,
320,1,0,How does GPU scheduling work?,1778536700.466933,1778536701.5184817,1.051548719406128,success,
321,2,2,Explain MapReduce,1778536700.7648711,1778536701.771809,1.0069379806518555,success,
323,2,3,Explain gradient descent,1778536701.392932,1778536702.5094004,1.1164684295654297,success,
322,1,1,What is a deadlock?,1778536701.1083632,1778536702.5780122,1.469649076461792,success,
324,1,0,Explain Docker containers,1778536701.6717043,1778536702.6529193,0.9812150001525879,success,
325,2,2,What is load balancing?,1778536701.9816146,1778536703.5960977,1.614483118057251,success,
327,2,3,Explain Docker containers,1778536702.6039224,1778536703.5960977,0.9921753406524658,success,
326,1,1,What is concurrency vs parallelism?,1778536702.2753925,1778536703.7131453,1.4377527236938477,success,
328,1,0,What is a blockchain?,1778536702.8982387,1778536704.0257378,1.1274991035461426,success,
329,2,2,What is microservices architecture?,1778536703.1795175,1778536704.71197,1.5324525833129883,success,
330,1,1,What is microservices architecture?,1778536703.4764574,1778536704.9307973,1.4543399810791016,success,
332,1,0,Difference between TCP and UDP,1778536704.0775702,1778536705.2624474,1.1848771572113037,success,
331,2,3,How does hashing work?,1778536703.773973,1778536705.2819426,1.507969617843628,success,
333,2,2,What is concurrency vs parallelism?,1778536704.3772762,1778536705.7965603,1.4192841053009033,success,
334,1,1,Explain MapReduce,1778536704.7761447,1778536706.0108519,1.2347071170806885,success,
335,2,3,Explain Docker containers,1778536704.9784408,1778536706.4500763,1.4716355800628662,success,
336,1,0,How does hashing work?,1778536705.2844555,1778536706.7946794,1.5102238655090332,success,
337,2,2,What is a deadlock?,1778536705.614226,1778536707.2414696,1.6272435188293457,success,
338,1,1,Explain REST API design,1778536705.93217,1778536707.404022,1.4718520641326904,success,
339,2,3,Explain MapReduce,1778536706.1950853,1778536707.5104256,1.315340280532837,success,
340,1,0,What is microservices architecture?,1778536706.503637,1778536707.895984,1.3923468589782715,success,
341,2,2,What is Kubernetes?,1778536706.8028076,1778536708.4205801,1.6177725791931152,success,
343,2,3,Explain MapReduce,1778536707.4094734,1778536708.5656419,1.1561684608459473,success,
342,1,1,What is a deadlock?,1778536707.0995266,1778536708.8944478,1.7949211597442627,success,
344,1,0,What is microservices architecture?,1778536707.7038863,1778536708.972055,1.2681686878204346,success,
345,2,2,Explain Docker containers,1778536707.989746,1778536709.4646285,1.4748823642730713,success,
346,1,1,Explain MapReduce,1778536708.3290849,1778536709.9742007,1.645115852355957,success,
347,2,3,What is load balancing?,1778536708.586823,1778536710.210236,1.6234130859375,success,
348,1,0,Explain REST API design,1778536708.8920918,1778536710.2192473,1.327155590057373,success,
349,2,2,What is a deadlock?,1778536709.2073233,1778536710.698237,1.4909136295318604,success,
350,1,1,Explain Docker containers,1778536709.5235093,1778536710.9446223,1.4211130142211914,success,
351,2,3,Explain Docker containers,1778536709.7912514,1778536711.1123986,1.3211472034454346,success,
352,1,0,Define neural networks,1778536710.0858488,1778536711.1654077,1.0795588493347168,success,
353,2,2,What is concurrency vs parallelism?,1778536710.3962114,1778536711.7474113,1.3511998653411865,success,
354,1,1,How does GPU scheduling work?,1778536710.6895907,1778536711.9283657,1.2387750148773193,success,
356,1,0,What is a blockchain?,1778536711.3286765,1778536712.2641394,0.9354629516601562,success,
355,2,3,What is a deadlock?,1778536711.0080442,1778536712.3367558,1.3287115097045898,success,
358,1,1,What is concurrency vs parallelism?,1778536711.8905299,1778536712.8277297,0.9371998310089111,success,
357,2,2,Define neural networks,1778536711.611725,1778536712.8862634,1.274538278579712,success,
359,2,3,What is concurrency vs parallelism?,1778536712.2062483,1778536713.1928225,0.9865741729736328,success,
360,1,0,What is microservices architecture?,1778536712.5111034,1778536713.454265,0.9431617259979248,success,
361,2,2,Explain Docker containers,1778536712.8104937,1778536713.8411214,1.030627727508545,success,
362,1,1,What is a blockchain?,1778536713.1173615,1778536713.9307103,0.8133487701416016,success,
363,2,3,How does GPU scheduling work?,1778536713.3948019,1778536714.2526813,0.8578794002532959,success,
364,1,0,Define neural networks,1778536713.7066884,1778536714.479019,0.7723305225372314,success,
365,2,2,Explain Docker containers,1778536714.0079756,1778536714.739972,0.7319965362548828,success,
366,1,1,Explain gradient descent,1778536714.309098,1778536715.097069,0.787971019744873,success,
367,2,3,Explain REST API design,1778536714.611785,1778536715.5207114,0.9089264869689941,success,
368,1,0,Define neural networks,1778536714.9168205,1778536715.660874,0.7440533638000488,success,
369,2,2,How does GPU scheduling work?,1778536715.2124171,1778536716.0376344,0.8252172470092773,success,
370,1,1,Define neural networks,1778536715.5207114,1778536716.241547,0.7208356857299805,success,
371,2,3,Difference between TCP and UDP,1778536715.7996523,1778536716.5171013,0.7174489498138428,success,
372,1,0,Difference between TCP and UDP,1778536716.1091828,1778536716.859593,0.7504100799560547,success,
373,2,2,Explain MapReduce,1778536716.4139886,1778536717.1529248,0.738936185836792,success,
374,1,1,What is microservices architecture?,1778536716.7029521,1778536717.4769404,0.7739882469177246,success,
375,2,3,Explain gradient descent,1778536717.0010023,1778536717.8048234,0.8038210868835449,success,
376,1,0,What is load balancing?,1778536717.3039715,1778536718.4845562,1.1805846691131592,success,
378,1,1,How does GPU scheduling work?,1778536717.9061632,1778536718.882118,0.9759547710418701,success,
377,2,2,What is load balancing?,1778536717.6032574,1778536718.9537125,1.3504550457000732,success,
379,2,3,What is Kubernetes?,1778536718.2252393,1778536719.1602845,0.9350452423095703,success,
380,1,0,Explain REST API design,1778536718.5187209,1778536719.6010165,1.0822956562042236,success,
382,1,1,Explain REST API design,1778536719.1180801,1778536720.2068834,1.0888032913208008,success,
381,2,2,What is load balancing?,1778536718.8063738,1778536720.2947273,1.4883534908294678,success,
383,2,3,How does GPU scheduling work?,1778536719.4445407,1778536720.453582,1.0090413093566895,success,
384,1,0,Explain gradient descent,1778536719.7078772,1778536720.684395,0.976517915725708,success,
385,2,2,What is Kubernetes?,1778536720.0093806,1778536721.1611693,1.1517887115478516,success,
386,1,1,What is Kubernetes?,1778536720.3261588,1778536721.2173357,0.8911769390106201,success,
387,2,3,Difference between TCP and UDP,1778536720.6451073,1778536721.4818308,0.8367235660552979,success,
388,1,0,What is microservices architecture?,1778536720.9207664,1778536721.8266644,0.9058980941772461,success,
389,2,2,Explain Docker containers,1778536721.2275066,1778536721.9531238,0.7256171703338623,success,
390,1,1,What is Kubernetes?,1778536721.5290637,1778536722.275116,0.7460522651672363,success,
391,2,3,What is distributed computing?,1778536721.8585823,1778536722.964456,1.1058738231658936,success,
392,1,0,How does GPU scheduling work?,1778536722.1352456,1778536722.994083,0.858837366104126,success,
393,2,2,What is a deadlock?,1778536722.4157429,1778536723.5153751,1.0996322631835938,success,
394,1,1,What is Kubernetes?,1778536722.7365649,1778536723.5690813,0.8325164318084717,success,
395,2,3,What is Kubernetes?,1778536723.046381,1778536723.854349,0.8079679012298584,success,
396,1,0,Explain MapReduce,1778536723.3271587,1778536724.1343334,0.8071746826171875,success,
397,2,2,What is concurrency vs parallelism?,1778536723.6180332,1778536724.3807647,0.7627315521240234,success,
398,1,1,How does hashing work?,1778536723.917523,1778536724.9324963,1.0149734020233154,success,
399,2,3,Explain REST API design,1778536724.2212605,1778536725.1822767,0.9610161781311035,success,
400,1,0,What is distributed computing?,1778536724.5443385,1778536725.9297764,1.3854379653930664,success,
401,2,2,What is a deadlock?,1778536724.93146,1778536726.2565625,1.3251025676727295,success,
402,1,1,Explain MapReduce,1778536725.22727,1778536726.3636932,1.1364233493804932,success,
403,2,3,What is concurrency vs parallelism?,1778536725.5501928,1778536726.6424797,1.0922868251800537,success,
405,2,2,What is Kubernetes?,1778536726.2116225,1778536727.3638985,1.1522760391235352,success,
406,1,1,Explain Docker containers,1778536726.4104645,1778536727.3891635,0.9786989688873291,success,
404,1,0,How does hashing work?,1778536725.8081682,1778536727.449733,1.6415648460388184,success,
407,2,3,What is distributed computing?,1778536726.7107875,1778536728.2849371,1.5741496086120605,success,
408,1,0,Difference between TCP and UDP,1778536727.04459,1778536728.43567,1.3910799026489258,success,
409,2,2,Define neural networks,1778536727.3114653,1778536728.4724886,1.1610233783721924,success,
410,1,1,What is concurrency vs parallelism?,1778536727.6270597,1778536728.867378,1.2403182983398438,success,
411,2,3,What is Kubernetes?,1778536727.9549453,1778536729.30872,1.3537747859954834,success,
413,2,2,Explain MapReduce,1778536728.5361233,1778536729.6146555,1.0785322189331055,success,
412,1,0,What is a deadlock?,1778536728.21533,1778536729.937102,1.7217721939086914,success,
414,1,1,What is a deadlock?,1778536728.8552728,1778536730.2531128,1.3978400230407715,success,
415,2,3,What is Kubernetes?,1778536729.117987,1778536730.3605728,1.2425858974456787,success,
416,1,0,What is microservices architecture?,1778536729.4182596,1778536731.0466404,1.6283807754516602,success,
417,2,2,Explain REST API design,1778536729.7311027,1778536731.1513329,1.4202301502227783,success,
419,2,3,What is microservices architecture?,1778536730.3190315,1778536731.5650756,1.2460441589355469,success,
418,1,1,Explain REST API design,1778536730.0181534,1778536731.6583693,1.6402158737182617,success,
420,1,0,What is concurrency vs parallelism?,1778536730.6435149,1778536732.216653,1.5731382369995117,success,
422,1,1,Explain MapReduce,1778536731.236302,1778536732.8060193,1.5697174072265625,success,
423,2,3,How does GPU scheduling work?,1778536731.5249026,1778536732.858105,1.3332023620605469,success,
421,2,2,How does hashing work?,1778536730.920415,1778536732.9323413,2.0119264125823975,success,
424,1,0,Explain Docker containers,1778536731.8411021,1778536733.3131597,1.472057580947876,success,
426,1,1,Define neural networks,1778536732.4375734,1778536733.9128525,1.4752790927886963,success,
427,2,3,What is Kubernetes?,1778536732.728718,1778536733.9702907,1.241572618484497,success,
425,2,2,How does GPU scheduling work?,1778536732.1377532,1778536734.3142283,2.1764750480651855,success,
428,1,0,Explain Docker containers,1778536733.0302649,1778536734.3516774,1.3214125633239746,success,
430,1,1,What is Kubernetes?,1778536733.6487093,1778536734.9526236,1.3039143085479736,success,
431,2,3,Difference between TCP and UDP,1778536733.931792,1778536734.997906,1.0661139488220215,success,
432,1,0,What is a blockchain?,1778536734.2645957,1778536735.4638083,1.1992125511169434,success,
429,2,2,What is distributed computing?,1778536733.3309739,1778536735.7752402,2.4442663192749023,success,
434,1,1,What is concurrency vs parallelism?,1778536734.8297124,1778536736.0251338,1.1954214572906494,success,
435,2,3,What is Kubernetes?,1778536735.175222,1778536736.1485276,0.9733057022094727,success,
436,1,0,Explain REST API design,1778536735.4302416,1778536736.6479871,1.2177455425262451,success,
433,2,2,What is a blockchain?,1778536734.554362,1778536736.8607116,2.306349515914917,success,
438,1,1,What is a deadlock?,1778536736.0331922,1778536737.2772858,1.244093656539917,success,
439,2,3,Explain Docker containers,1778536736.3372538,1778536737.3152857,0.9780318737030029,success,
440,1,0,Explain MapReduce,1778536736.6614182,1778536737.588784,0.927365779876709,success,
437,2,2,What is load balancing?,1778536735.7407894,1778536738.3289547,2.588165283203125,success,
442,1,1,How does hashing work?,1778536737.2411585,1778536738.5432844,1.3021259307861328,success,
443,2,3,What is microservices architecture?,1778536737.5513957,1778536738.5794458,1.028050184249878,success,
444,1,0,What is distributed computing?,1778536737.8321357,1778536739.1958616,1.3637259006500244,success,
446,1,1,What is Kubernetes?,1778536738.4361155,1778536739.3925169,0.9564013481140137,success,
441,2,2,What is load balancing?,1778536736.9330199,1778536739.715303,2.782283067703247,success,
447,2,3,How does hashing work?,1778536738.7708635,1778536740.0985317,1.3276681900024414,success,
448,1,0,How does hashing work?,1778536739.035364,1778536740.5573354,1.5219714641571045,success,
445,2,2,Explain MapReduce,1778536738.1329215,1778536740.7670913,2.634169816970825,success,
450,1,1,What is distributed computing?,1778536739.6375768,1778536741.0135357,1.3759589195251465,success,
451,2,3,Explain gradient descent,1778536739.936478,1778536741.2201924,1.2837145328521729,success,
452,1,0,What is a blockchain?,1778536740.2389748,1778536741.6021905,1.363215684890747,success,
449,2,2,What is a blockchain?,1778536739.336465,1778536741.8088202,2.472355365753174,success,
454,1,1,What is load balancing?,1778536740.8399434,1778536742.4449387,1.6049952507019043,success,
455,2,3,What is a deadlock?,1778536741.1396086,1778536742.4469433,1.3073346614837646,success,
456,1,0,Explain Docker containers,1778536741.4432359,1778536742.495946,1.0527100563049316,success,
453,2,2,What is Kubernetes?,1778536740.5401146,1778536742.7022219,2.162107229232788,success,
459,2,3,Define neural networks,1778536742.3458252,1778536743.4171124,1.0712871551513672,success,
460,1,0,What is Kubernetes?,1778536742.6569579,1778536743.5822027,0.9252448081970215,success,
458,1,1,What is distributed computing?,1778536742.0456388,1778536743.788262,1.7426230907440186,success,
457,2,2,What is load balancing?,1778536741.7412956,1778536744.135805,2.3945093154907227,success,
463,2,3,Explain Docker containers,1778536743.5458665,1778536744.4999135,0.9540469646453857,success,
462,1,1,How does GPU scheduling work?,1778536743.258815,1778536744.74325,1.4844348430633545,success,
464,1,0,Difference between TCP and UDP,1778536743.8568,1778536744.818759,0.9619588851928711,success,
461,2,2,Difference between TCP and UDP,1778536742.9437082,1778536745.0198274,2.0761191844940186,success,
466,1,1,What is concurrency vs parallelism?,1778536744.4624686,1778536745.6733842,1.2109155654907227,success,
467,2,3,Explain MapReduce,1778536744.7476194,1778536745.7168078,0.9691884517669678,success,
468,1,0,What is Kubernetes?,1778536745.0610683,1778536745.8912325,0.8301641941070557,success,
465,2,2,Difference between TCP and UDP,1778536744.149942,1778536745.9428189,1.792876958847046,success,
470,1,1,What is concurrency vs parallelism?,1778536745.684816,1778536746.5988834,0.9140675067901611,success,
469,2,2,Define neural networks,1778536745.3503451,1778536746.772303,1.4219579696655273,success,
471,2,3,What is a deadlock?,1778536745.979454,1778536747.1185222,1.1390681266784668,success,
472,1,0,What is Kubernetes?,1778536746.252189,1778536747.1916893,0.9395003318786621,success,
473,2,2,Define neural networks,1778536746.5532374,1778536747.7078214,1.1545839309692383,success,
474,1,1,What is a deadlock?,1778536746.8568394,1778536747.9815638,1.1247243881225586,success,
475,2,3,Explain gradient descent,1778536747.1542523,1778536748.0744457,0.9201934337615967,success,
476,1,0,Explain Docker containers,1778536747.4636817,1778536748.3578165,0.8941347599029541,success,
478,1,1,Explain REST API design,1778536748.0795653,1778536749.0915391,1.0119738578796387,success,
477,2,2,What is distributed computing?,1778536747.7875786,1778536749.1435924,1.3560137748718262,success,
479,2,3,What is microservices architecture?,1778536748.3552716,1778536749.2849424,0.9296708106994629,success,
480,1,0,What is distributed computing?,1778536748.702109,1778536750.0997372,1.3976280689239502,success,
481,2,2,Difference between TCP and UDP,1778536748.9676268,1778536750.1923466,1.224719762802124,success,
482,1,1,How does GPU scheduling work?,1778536749.2857132,1778536750.4339502,1.1482369899749756,success,
483,2,3,What is a blockchain?,1778536749.5689387,1778536750.6953444,1.1264057159423828,success,
485,2,2,What is concurrency vs parallelism?,1778536750.1893454,1778536751.2734127,1.0840673446655273,success,
484,1,0,Explain gradient descent,1778536749.897262,1778536751.3112373,1.4139752388000488,success,
486,1,1,What is a blockchain?,1778536750.4801152,1778536751.53648,1.0563647747039795,success,
487,2,3,What is distributed computing?,1778536750.78689,1778536752.3405929,1.5537028312683105,success,
488,1,0,What is concurrency vs parallelism?,1778536751.086151,1778536752.3967018,1.3105509281158447,success,
490,1,1,How does GPU scheduling work?,1778536751.6935465,1778536752.8004632,1.1069166660308838,success,
489,2,2,What is distributed computing?,1778536751.3699024,1778536752.8902702,1.5203678607940674,success,
491,2,3,How does GPU scheduling work?,1778536751.9698393,1778536753.5304935,1.5606541633605957,success,
492,1,0,What is a deadlock?,1778536752.286621,1778536753.794843,1.5082218647003174,success,
494,1,1,How does hashing work?,1778536752.8890958,1778536754.4252667,1.5361709594726562,success,
493,2,2,What is distributed computing?,1778536752.5742972,1778536754.7272754,2.1529781818389893,success,
496,1,0,How does GPU scheduling work?,1778536753.475339,1778536754.9995456,1.5242066383361816,success,
495,2,3,What is load balancing?,1778536753.1759136,1778536755.235162,2.059248447418213,success,
498,1,1,Explain Docker containers,1778536754.092073,1778536755.531744,1.4396710395812988,success,
500,1,0,Explain gradient descent,1778536754.679126,1778536756.1047869,1.4256608486175537,success,
497,2,2,What is load balancing?,1778536753.7967305,1778536756.289705,2.4929745197296143,success,
499,2,3,What is a blockchain?,1778536754.3783655,1778536756.479147,2.1007814407348633,success,
502,1,1,How does GPU scheduling work?,1778536755.2905612,1778536756.7454982,1.4549369812011719,success,
503,2,3,Explain Docker containers,1778536755.5804079,1778536757.4346611,1.8542532920837402,success,
504,1,0,Explain REST API design,1778536755.9109685,1778536757.5774927,1.6665241718292236,success,
506,1,1,What is concurrency vs parallelism?,1778536756.4988916,1778536757.8473856,1.348494052886963,success,
501,2,2,How does hashing work?,1778536755.0154717,1778536757.9387157,2.923243999481201,success,
507,2,3,Difference between TCP and UDP,1778536756.7998064,1778536758.5092406,1.7094342708587646,success,
505,2,2,Define neural networks,1778536756.1983368,1778536758.8595116,2.661174774169922,success,
508,1,0,What is load balancing?,1778536757.1103015,1778536759.0557585,1.9454569816589355,success,
510,1,1,How does hashing work?,1778536757.6849701,1778536759.2336543,1.5486841201782227,success,
511,2,3,Explain REST API design,1778536757.9866984,1778536759.7186935,1.7319951057434082,success,
512,1,0,Explain REST API design,1778536758.3026962,1778536760.1959522,1.8932559490203857,success,
509,2,2,How does hashing work?,1778536757.3936925,1778536760.2464826,2.852790117263794,success,
514,1,1,What is concurrency vs parallelism?,1778536758.888125,1778536760.33995,1.4518251419067383,success,
515,2,3,What is a deadlock?,1778536759.1832502,1778536760.933112,1.749861717224121,success,
518,1,1,Explain gradient descent,1778536760.0869973,1778536761.3890562,1.3020589351654053,success,
513,2,2,Explain gradient descent,1778536758.5831938,1778536761.4016733,2.818479537963867,success,
516,1,0,What is load balancing?,1778536759.486905,1778536761.637334,2.1504290103912354,success,
519,2,3,How does hashing work?,1778536760.3849766,1778536762.2725933,1.8876166343688965,success,
517,2,2,Define neural networks,1778536759.8249538,1778536762.361205,2.5362513065338135,success,
522,1,1,Define neural networks,1778536761.3903584,1778536762.4655907,1.0752322673797607,success,
520,1,0,What is distributed computing?,1778536760.7448187,1778536763.0353796,2.2905609607696533,success,
526,1,1,What is Kubernetes?,1778536762.540522,1778536763.425865,0.8853428363800049,success,
521,2,2,Explain MapReduce,1778536761.0718472,1778536763.463101,2.391253709793091,success,
523,2,3,How does hashing work?,1778536761.6355321,1778536763.579674,1.9441418647766113,success,
524,1,0,What is a blockchain?,1778536761.988366,1778536764.0087104,2.0203444957733154,success,
525,2,2,Explain MapReduce,1778536762.239309,1778536764.4327066,2.1933975219726562,success,
527,2,3,What is Kubernetes?,1778536762.8402483,1778536764.5297127,1.6894643306732178,success,
530,1,1,Explain gradient descent,1778536763.7628856,1778536764.9731853,1.2102997303009033,success,
528,1,0,Explain REST API design,1778536763.170873,1778536765.1879468,2.0170738697052,success,
529,2,2,How does GPU scheduling work?,1778536763.4704893,1778536765.6332543,2.1627650260925293,success,
531,2,3,How does hashing work?,1778536764.0500054,1778536765.8530095,1.8030040264129639,success,
534,1,1,What is a blockchain?,1778536764.9477541,1778536765.9754753,1.0277211666107178,success,
532,1,0,Explain REST API design,1778536764.351302,1778536766.3765411,2.0252392292022705,success,
533,2,2,What is a deadlock?,1778536764.6640382,1778536766.801635,2.137596845626831,success,
535,2,3,How does GPU scheduling work?,1778536765.2461483,1778536766.9421086,1.695960283279419,success,
538,1,1,What is concurrency vs parallelism?,1778536766.1454906,1778536767.1325026,0.9870119094848633,success,
536,1,0,Explain gradient descent,1778536765.5461502,1778536767.425058,1.8789076805114746,success,
537,2,2,Explain REST API design,1778536765.8626783,1778536767.9502826,2.087604284286499,success,
539,2,3,Define neural networks,1778536766.4802454,1778536768.03194,1.551694631576538,success,
540,1,0,What is a deadlock?,1778536766.749185,1778536768.627106,1.8779208660125732,success,
542,1,1,How does hashing work?,1778536767.3858986,1778536768.7146735,1.3287749290466309,success,
543,2,3,What is concurrency vs parallelism?,1778536767.6652143,1778536768.9888043,1.3235900402069092,success,
541,2,2,What is a blockchain?,1778536767.0709581,1778536769.106227,2.035268783569336,success,
544,1,0,Explain gradient descent,1778536767.963478,1778536769.6774433,1.7139651775360107,success,
547,2,3,What is concurrency vs parallelism?,1778536768.8526893,1778536769.94043,1.0877406597137451,success,
546,1,1,How does hashing work?,1778536768.553222,1778536770.0833318,1.5301098823547363,success,
545,2,2,What is concurrency vs parallelism?,1778536768.2536368,1778536770.2710788,2.017441987991333,success,
548,1,0,What is distributed computing?,1778536769.156798,1778536771.0630283,1.9062304496765137,success,
551,2,3,What is Kubernetes?,1778536770.0602164,1778536771.0647705,1.004554033279419,success,
550,1,1,What is microservices architecture?,1778536769.7551603,1778536771.168678,1.413517713546753,success,
549,2,2,Difference between TCP and UDP,1778536769.4615533,1778536771.2152784,1.7537250518798828,success,
552,1,0,What is a blockchain?,1778536770.3583372,1778536771.999843,1.6415057182312012,success,
554,1,1,Explain gradient descent,1778536770.9600253,1778536772.163997,1.2039716243743896,success,
553,2,2,Difference between TCP and UDP,1778536770.6851146,1778536772.206333,1.5212182998657227,success,
555,2,3,What is microservices architecture?,1778536771.2680798,1778536772.5167172,1.2486374378204346,success,
556,1,0,What is a blockchain?,1778536771.5604832,1778536773.0018287,1.441345453262329,success,
557,2,2,Difference between TCP and UDP,1778536771.873443,1778536773.245044,1.3716011047363281,success,
558,1,1,What is distributed computing?,1778536772.162582,1778536773.63248,1.469897985458374,success,
559,2,3,What is a deadlock?,1778536772.4957695,1778536773.9056644,1.4098949432373047,success,
560,1,0,What is Kubernetes?,1778536772.7786245,1778536774.049801,1.2711765766143799,success,
561,2,2,What is a deadlock?,1778536773.0640051,1778536774.673106,1.6091008186340332,success,
562,1,1,Explain Docker containers,1778536773.3720255,1778536774.7619169,1.3898913860321045,success,
564,1,0,What is Kubernetes?,1778536774.0235863,1778536775.0803173,1.0567309856414795,success,
563,2,3,Explain gradient descent,1778536773.7081268,1778536775.242769,1.534642219543457,success,
565,2,2,Difference between TCP and UDP,1778536774.2951,1778536775.696128,1.4010279178619385,success,
566,1,1,What is a blockchain?,1778536774.5754051,1778536775.870425,1.2950198650360107,success,
567,2,3,Explain MapReduce,1778536774.8901453,1778536776.3825004,1.4923551082611084,success,
568,1,0,What is a deadlock?,1778536775.185189,1778536776.6260343,1.440845251083374,success,
569,2,2,Explain Docker containers,1778536775.4769132,1778536776.8257797,1.3488664627075195,success,
570,1,1,Explain REST API design,1778536775.7742434,1778536777.2445345,1.4702911376953125,success,
572,1,0,What is Kubernetes?,1778536776.4065664,1778536777.6438239,1.237257480621338,success,
571,2,3,What is load balancing?,1778536776.100063,1778536778.0272994,1.9272363185882568,success,
573,2,2,What is load balancing?,1778536776.7027812,1778536778.6264274,1.9236462116241455,success,
574,1,1,Explain REST API design,1778536776.9809513,1778536778.6657255,1.6847741603851318,success,
576,1,0,What is a blockchain?,1778536777.6013033,1778536778.8544657,1.2531623840332031,success,
575,2,3,What is microservices architecture?,1778536777.2822065,1778536779.1742363,1.8920297622680664,success,
577,2,2,Define neural networks,1778536777.8966613,1778536779.8168812,1.920219898223877,success,
580,1,0,Explain MapReduce,1778536778.7986543,1778536780.0165875,1.217933177947998,success,
578,1,1,How does hashing work?,1778536778.186246,1778536780.2893164,2.1030704975128174,success,
579,2,3,What is concurrency vs parallelism?,1778536778.50102,1778536780.4337986,1.9327785968780518,success,
581,2,2,What is microservices architecture?,1778536779.0928035,1778536780.953948,1.8611445426940918,success,
584,1,0,Explain Docker containers,1778536780.0258064,1778536781.2792141,1.2534077167510986,success,
582,1,1,What is concurrency vs parallelism?,1778536779.4067678,1778536781.4733372,2.0665693283081055,success,
583,2,3,Explain Docker containers,1778536779.7043777,1778536781.6059773,1.901599645614624,success,
585,2,2,What is Kubernetes?,1778536780.3411655,1778536782.0380292,1.6968636512756348,success,
586,1,1,What is a deadlock?,1778536780.609229,1778536782.803727,2.19449782371521,success,
588,1,0,How does hashing work?,1778536781.1985404,1778536782.8458598,1.6473193168640137,success,
587,2,3,Explain REST API design,1778536780.9163136,1778536782.8472812,1.9309675693511963,success,
589,2,2,Define neural networks,1778536781.5020614,1778536783.1810088,1.6789474487304688,success,
590,1,1,Difference between TCP and UDP,1778536781.7947164,1778536783.822642,2.027925729751587,success,
592,1,0,How does GPU scheduling work?,1778536782.4053385,1778536784.0401955,1.634856939315796,success,
591,2,3,What is a deadlock?,1778536782.0973947,1778536784.207581,2.1101863384246826,success,
593,2,2,What is a deadlock?,1778536782.7157469,1778536784.6183357,1.9025888442993164,success,
594,1,1,Explain MapReduce,1778536783.026893,1778536784.871312,1.844419002532959,success,
596,1,0,Define neural networks,1778536783.6065826,1778536785.0736365,1.4670538902282715,success,
595,2,3,Explain gradient descent,1778536783.3430176,1778536785.3403587,1.9973411560058594,success,
597,2,2,Explain MapReduce,1778536783.9076617,1778536785.6733658,1.7657041549682617,success,
598,1,1,Explain Docker containers,1778536784.2234106,1778536785.7761397,1.5527291297912598,success,
600,1,0,What is concurrency vs parallelism?,1778536784.8098428,1778536786.2863412,1.4764983654022217,success,
599,2,3,How does GPU scheduling work?,1778536784.534835,1778536786.3795195,1.844684362411499,success,
601,2,2,Explain Docker containers,1778536785.1112936,1778536786.5846493,1.473355770111084,success,
602,1,1,How does hashing work?,1778536785.4155552,1778536787.1437962,1.728240966796875,success,
604,1,0,What is a blockchain?,1778536786.0129023,1778536787.2835896,1.2706873416900635,success,
605,2,2,What is Kubernetes?,1778536786.3257036,1778536787.5173445,1.191640853881836,success,
603,2,3,How does hashing work?,1778536785.7200856,1778536787.7540996,2.0340139865875244,success,
606,1,1,Difference between TCP and UDP,1778536786.623906,1778536788.156391,1.532485008239746,success,
608,1,0,Explain Docker containers,1778536787.222799,1778536788.239682,1.0168828964233398,success,
609,2,2,What is a deadlock?,1778536787.5127454,1778536788.7384255,1.2256801128387451,success,
610,1,1,Difference between TCP and UDP,1778536787.838866,1778536789.0845404,1.2456743717193604,success,
607,2,3,What is distributed computing?,1778536786.9385767,1778536789.169471,2.2308943271636963,success,
612,1,0,Explain Docker containers,1778536788.4556882,1778536789.453106,0.997417688369751,success,
613,2,2,How does GPU scheduling work?,1778536788.731491,1778536789.8382306,1.1067395210266113,success,
614,1,1,Difference between TCP and UDP,1778536789.0334432,1778536789.9771862,0.9437429904937744,success,
611,2,3,What is load balancing?,1778536788.1165853,1778536790.5163379,2.399752616882324,success,
616,1,0,Define neural networks,1778536789.6406276,1778536790.5582368,0.9176092147827148,success,
617,2,2,Difference between TCP and UDP,1778536789.9355083,1778536790.8141043,0.8785960674285889,success,
618,1,1,Define neural networks,1778536790.2417164,1778536791.072269,0.8305525779724121,success,
615,2,3,What is concurrency vs parallelism?,1778536789.3541968,1778536791.366141,2.01194429397583,success,
620,1,0,How does hashing work?,1778536790.8326516,1778536791.9893954,1.1567437648773193,success,
619,2,3,Explain MapReduce,1778536790.5242076,1778536792.271269,1.7470614910125732,success,
621,2,2,Explain REST API design,1778536791.1395783,1778536792.3601732,1.220594882965088,success,
622,1,1,Explain MapReduce,1778536791.463088,1778536792.4007866,0.9376986026763916,success,
624,1,0,What is microservices architecture?,1778536792.0236561,1778536793.0714023,1.047746181488037,success,
623,2,3,Define neural networks,1778536791.7425342,1778536793.180741,1.4382069110870361,success,
626,1,1,What is microservices architecture?,1778536792.6427205,1778536793.6510313,1.0083107948303223,success,
625,2,2,What is distributed computing?,1778536792.3247328,1778536793.6572318,1.3324990272521973,success,
627,2,3,How does GPU scheduling work?,1778536792.924876,1778536794.2139966,1.2891206741333008,success,
628,1,0,Explain gradient descent,1778536793.2274265,1778536794.3159986,1.0885720252990723,success,
629,2,2,How does GPU scheduling work?,1778536793.5522234,1778536794.655106,1.1028826236724854,success,
630,1,1,Explain REST API design,1778536793.8515768,1778536794.9409025,1.0893256664276123,success,
631,2,3,What is Kubernetes?,1778536794.1488147,1778536795.0524595,0.9036448001861572,success,
632,1,0,Explain Docker containers,1778536794.4698875,1778536795.3540144,0.8841269016265869,success,
633,2,2,What is microservices architecture?,1778536794.739248,1778536795.6596377,0.9203896522521973,success,
634,1,1,What is concurrency vs parallelism?,1778536795.0306408,1778536795.8564975,0.8258566856384277,success,
635,2,3,How does GPU scheduling work?,1778536795.3725908,1778536796.2255213,0.8529305458068848,success,
636,1,0,Explain REST API design,1778536795.631158,1778536796.6804018,1.049243688583374,success,
637,2,2,Explain Docker containers,1778536795.932089,1778536796.6804018,0.7483127117156982,success,
638,1,1,What is a blockchain?,1778536796.251818,1778536797.042745,0.7909271717071533,success,
639,2,3,Explain REST API design,1778536796.5574784,1778536797.5627675,1.005289077758789,success,
640,1,0,Explain Docker containers,1778536796.8518913,1778536797.6555064,0.8036150932312012,success,
641,2,2,Explain Docker containers,1778536797.1480346,1778536798.1700084,1.0219738483428955,success,
642,1,1,What is concurrency vs parallelism?,1778536797.471513,1778536798.5117562,1.040243148803711,success,
643,2,3,What is distributed computing?,1778536797.7490816,1778536799.0980847,1.3490030765533447,success,
644,1,0,Explain gradient descent,1778536798.0394628,1778536799.1813338,1.1418709754943848,success,
645,2,2,Define neural networks,1778536798.3607469,1778536799.437734,1.0769870281219482,success,
646,1,1,How does GPU scheduling work?,1778536798.649172,1778536799.7700644,1.1208922863006592,success,
647,2,3,What is Kubernetes?,1778536798.957168,1778536800.0488615,1.09169340133667,success,
648,1,0,Explain REST API design,1778536799.2707858,1778536800.5843809,1.3135950565338135,success,
649,2,2,How does GPU scheduling work?,1778536799.5416315,1778536800.6830792,1.1414477825164795,success,
650,1,1,Define neural networks,1778536799.854091,1778536800.9495955,1.0955045223236084,success,
651,2,3,What is a blockchain?,1778536800.1578038,1778536801.2751782,1.1173744201660156,success,
653,2,2,Difference between TCP and UDP,1778536800.747318,1778536801.9045503,1.1572322845458984,success,
654,1,1,Explain Docker containers,1778536801.0471835,1778536802.0055158,0.9583323001861572,success,
652,1,0,How does hashing work?,1778536800.4467812,1778536802.0224612,1.5756800174713135,success,
655,2,3,What is microservices architecture?,1778536801.34739,1778536802.4774582,1.130068302154541,success,
657,2,2,Difference between TCP and UDP,1778536801.949316,1778536802.9637716,1.0144555568695068,success,
656,1,0,What is microservices architecture?,1778536801.6708949,1778536803.1004972,1.4296023845672607,success,
658,1,1,What is Kubernetes?,1778536802.2533147,1778536803.3927052,1.139390468597412,success,
659,2,3,Explain REST API design,1778536802.559745,1778536803.863591,1.3038458824157715,success,
660,1,0,What is microservices architecture?,1778536802.8537552,1778536804.2314258,1.3776705265045166,success,
661,2,2,Difference between TCP and UDP,1778536803.1544335,1778536804.375175,1.2207415103912354,success,
662,1,1,Difference between TCP and UDP,1778536803.480399,1778536804.5185025,1.0381035804748535,success,
663,2,3,Explain REST API design,1778536803.755766,1778536805.0946357,1.3388698101043701,success,
665,2,2,Define neural networks,1778536804.3825998,1778536805.4008965,1.018296718597412,success,
664,1,0,Explain Docker containers,1778536804.0566792,1778536805.4364944,1.3798151016235352,success,
666,1,1,Define neural networks,1778536804.6749234,1778536805.7503684,1.0754449367523193,success,
667,2,3,Define neural networks,1778536804.9985762,1778536806.1489074,1.1503312587738037,success,
668,1,0,How does GPU scheduling work?,1778536805.2859766,1778536806.5494735,1.2634968757629395,success,
669,2,2,Explain gradient descent,1778536805.5795405,1778536806.7150488,1.1355082988739014,success,
670,1,1,Explain REST API design,1778536805.8598657,1778536807.0279195,1.1680538654327393,success,
671,2,3,How does GPU scheduling work?,1778536806.2035093,1778536807.2194839,1.015974521636963,success,
672,1,0,Difference between TCP and UDP,1778536806.4770544,1778536807.4417405,0.9646861553192139,success,
673,2,2,Explain gradient descent,1778536806.8038714,1778536807.8300374,1.0261659622192383,success,
674,1,1,Explain REST API design,1778536807.097635,1778536808.147086,1.0494508743286133,success,
675,2,3,What is microservices architecture?,1778536807.3929033,1778536808.2705245,0.8776211738586426,success,
676,1,0,What is concurrency vs parallelism?,1778536807.7120867,1778536808.5804915,0.8684048652648926,success,
677,2,2,Explain REST API design,1778536807.9904957,1778536809.1529548,1.162459135055542,success,
679,2,3,How does GPU scheduling work?,1778536808.585153,1778536809.4792223,0.8940691947937012,success,
678,1,1,What is load balancing?,1778536808.2817092,1778536809.5548806,1.2731714248657227,success,
680,1,0,How does GPU scheduling work?,1778536808.905706,1778536809.995478,1.0897719860076904,success,
681,2,2,Explain REST API design,1778536809.2135043,1778536810.287646,1.0741417407989502,success,
682,1,1,Explain Docker containers,1778536809.511947,1778536810.4494846,0.937537670135498,success,
683,2,3,Define neural networks,1778536809.7945335,1778536810.7192159,0.9246823787689209,success,
684,1,0,Explain REST API design,1778536810.098549,1778536811.063835,0.9652860164642334,success,
686,1,1,What is concurrency vs parallelism?,1778536810.722736,1778536811.6501846,0.9274487495422363,success,
685,2,2,How does hashing work?,1778536810.4038436,1778536811.7037823,1.299938678741455,success,
687,2,3,What is microservices architecture?,1778536811.0053551,1778536811.889396,0.8840408325195312,success,
688,1,0,How does hashing work?,1778536811.315862,1778536812.4387999,1.1229379177093506,success,
689,2,2,Define neural networks,1778536811.5916283,1778536812.460997,0.8693687915802002,success,
690,1,1,Explain gradient descent,1778536811.8928838,1778536813.0547643,1.1618804931640625,success,
691,2,3,What is a deadlock?,1778536812.1988976,1778536813.352012,1.1531143188476562,success,
692,1,0,How does GPU scheduling work?,1778536812.4934094,1778536813.5025966,1.0091872215270996,success,
693,2,2,Define neural networks,1778536812.8147602,1778536813.7051992,0.8904390335083008,success,
694,1,1,How does GPU scheduling work?,1778536813.0933192,1778536813.9771438,0.8838245868682861,success,
695,2,3,Difference between TCP and UDP,1778536813.4197905,1778536814.175696,0.7559053897857666,success,
697,2,2,Define neural networks,1778536814.0106847,1778536814.9240844,0.9133996963500977,success,
696,1,0,What is load balancing?,1778536813.7055128,1778536814.961568,1.2560553550720215,success,
698,1,1,What is distributed computing?,1778536814.3146775,1778536815.6777718,1.3630943298339844,success,
699,2,3,Explain REST API design,1778536814.5989697,1778536815.7378397,1.1388700008392334,success,
700,1,0,What is microservices architecture?,1778536814.8975644,1778536815.904809,1.00724458694458,success,
701,2,2,What is load balancing?,1778536815.198634,1778536816.5986428,1.4000089168548584,success,
702,1,1,Define neural networks,1778536815.511617,1778536816.6342702,1.1226532459259033,success,
703,2,3,What is distributed computing?,1778536815.8069053,1778536817.2742295,1.4673242568969727,success,
705,2,2,What is microservices architecture?,1778536816.415217,1778536817.5422204,1.1270034313201904,success,
704,1,0,What is distributed computing?,1778536816.1366599,1778536817.544225,1.4075651168823242,success,
706,1,1,Define neural networks,1778536816.701191,1778536817.7212293,1.020038366317749,success,
707,2,3,Explain REST API design,1778536817.0034778,1778536818.3444643,1.3409864902496338,success,
709,2,2,What is a blockchain?,1778536817.6021054,1778536818.4928339,0.8907284736633301,success,
710,1,1,What is a deadlock?,1778536817.903922,1778536818.9768167,1.07289457321167,success,
708,1,0,What is load balancing?,1778536817.3049815,1778536819.1635714,1.8585898876190186,success,
711,2,3,What is concurrency vs parallelism?,1778536818.222985,1778536819.2231731,1.0001881122589111,success,
713,2,2,Explain gradient descent,1778536818.8095877,1778536819.8074403,0.9978525638580322,success,
712,1,0,Explain Docker containers,1778536818.5202384,1778536820.042757,1.5225186347961426,success,
714,1,1,What is a deadlock?,1778536819.1283538,1778536820.2805266,1.1521728038787842,success,
715,2,3,What is distributed computing?,1778536819.4503145,1778536820.7493598,1.2990453243255615,success,
717,2,2,Define neural networks,1778536820.0104828,1778536820.9781246,0.9676418304443359,success,
718,1,1,Explain Docker containers,1778536820.3205998,1778536821.163588,0.8429882526397705,success,
716,1,0,How does hashing work?,1778536819.710428,1778536821.382838,1.672410011291504,success,
719,2,3,Explain Docker containers,1778536820.6221898,1778536821.5663245,0.9441347122192383,success,
721,2,2,Difference between TCP and UDP,1778536821.232998,1778536822.1708934,0.9378955364227295,success,
720,1,0,Explain Docker containers,1778536820.9114332,1778536822.4130132,1.501579999923706,success,
722,1,1,What is load balancing?,1778536821.5643013,1778536823.150141,1.5858397483825684,success,
723,2,3,What is distributed computing?,1778536821.8195567,1778536823.4456441,1.6260874271392822,success,
724,1,0,Define neural networks,1778536822.1319382,1778536823.722004,1.5900657176971436,success,
725,2,2,What is a deadlock?,1778536822.4235396,1778536823.7503977,1.3268580436706543,success,
726,1,1,Explain Docker containers,1778536822.74607,1778536824.1260977,1.3800277709960938,success,
727,2,3,Explain gradient descent,1778536823.0373108,1778536824.6850488,1.647737979888916,success,
729,2,2,Explain gradient descent,1778536823.6231656,1778536824.920076,1.296910285949707,success,
728,1,0,What is a deadlock?,1778536823.3472233,1778536825.106111,1.758887767791748,success,
730,1,1,What is Kubernetes?,1778536823.9325128,1778536825.250667,1.3181543350219727,success,
731,2,3,Explain Docker containers,1778536824.2253852,1778536825.7685025,1.5431172847747803,success,
734,1,1,What is a blockchain?,1778536825.1552672,1778536826.325191,1.1699237823486328,success,
733,2,2,How does hashing work?,1778536824.8712785,1778536826.419073,1.5477945804595947,success,
732,1,0,Explain gradient descent,1778536824.550957,1778536826.4631617,1.9122047424316406,success,
735,2,3,What is a blockchain?,1778536825.457311,1778536826.8952699,1.4379589557647705,success,
738,1,1,What is load balancing?,1778536826.3506439,1778536828.0566137,1.7059698104858398,success,
736,1,0,What is distributed computing?,1778536825.7400148,1778536828.132614,2.392599105834961,success,
739,2,3,What is concurrency vs parallelism?,1778536826.6311584,1778536828.1687486,1.5375902652740479,success,
737,2,2,What is load balancing?,1778536826.040222,1778536828.3286262,2.2884042263031006,success,
742,1,1,Explain gradient descent,1778536827.5515974,1778536829.368781,1.8171837329864502,success,
743,2,3,How does GPU scheduling work?,1778536827.8912742,1778536829.4110217,1.5197474956512451,success,
741,2,2,Define neural networks,1778536827.2543721,1778536829.5677085,2.3133363723754883,success,
740,1,0,How does hashing work?,1778536826.9538808,1778536829.7390592,2.7851784229278564,success,
747,2,3,What is Kubernetes?,1778536829.058155,1778536830.4804947,1.422339677810669,success,
746,1,1,What is concurrency vs parallelism?,1778536828.766645,1778536830.6646516,1.8980066776275635,success,
745,2,2,What is microservices architecture?,1778536828.4384503,1778536830.6963038,2.2578535079956055,success,
744,1,0,Explain gradient descent,1778536828.1514008,1778536830.874774,2.7233731746673584,success,
750,1,1,What is concurrency vs parallelism?,1778536829.947072,1778536831.8580377,1.9109656810760498,success,
751,2,3,How does hashing work?,1778536830.2668946,1778536831.9839451,1.717050552368164,success,
749,2,2,How does hashing work?,1778536829.6447756,1778536832.132077,2.4873013496398926,success,
748,1,0,How does hashing work?,1778536829.3433075,1778536832.3920164,3.048708915710449,success,
754,1,1,What is microservices architecture?,1778536831.1545951,1778536832.9383087,1.7837135791778564,success,
755,2,3,What is Kubernetes?,1778536831.4803195,1778536833.0288908,1.5485713481903076,success,
753,2,2,What is concurrency vs parallelism?,1778536830.843051,1778536833.1985462,2.3554952144622803,success,
752,1,0,How does GPU scheduling work?,1778536830.5613031,1778536833.5114508,2.9501476287841797,success,
758,1,1,Explain Docker containers,1778536832.3781867,1778536833.8975606,1.519373893737793,success,
759,2,3,Define neural networks,1778536832.6579084,1778536833.988359,1.3304505348205566,success,
757,2,2,Explain MapReduce,1778536832.0793545,1778536834.254317,2.1749625205993652,success,
756,1,0,Explain Docker containers,1778536831.7647254,1778536834.4035914,2.6388659477233887,success,
762,1,1,What is Kubernetes?,1778536833.5763602,1778536834.7892854,1.2129251956939697,success,
763,2,3,Define neural networks,1778536833.8728004,1778536834.9304693,1.057668924331665,success,
760,1,0,What is a deadlock?,1778536832.9631534,1778536835.5394945,2.576341152191162,success,
761,2,2,How does hashing work?,1778536833.265637,1778536835.9543364,2.68869948387146,success,
766,1,1,What is distributed computing?,1778536834.7606719,1778536836.135795,1.3751232624053955,success,
767,2,3,How does hashing work?,1778536835.075931,1778536836.3816261,1.3056950569152832,success,
770,1,1,What is concurrency vs parallelism?,1778536835.96367,1778536837.0755713,1.1119012832641602,success,
764,1,0,How does hashing work?,1778536834.1741865,1778536837.0755713,2.9013848304748535,success,
771,2,3,How does GPU scheduling work?,1778536836.2775767,1778536837.3570843,1.07950758934021,success,
765,2,2,How does hashing work?,1778536834.459101,1778536837.4146643,2.9555633068084717,success,
774,1,1,Define neural networks,1778536837.1656847,1778536838.0524113,0.8867266178131104,success,
768,1,0,Explain REST API design,1778536835.3764987,1778536838.1446202,2.7681214809417725,success,
769,2,2,Explain gradient descent,1778536835.6904016,1778536838.342626,2.652224540710449,success,
775,2,3,What is a blockchain?,1778536837.4659111,1778536838.58905,1.1231389045715332,success,
772,1,0,What is a blockchain?,1778536836.5740693,1778536839.0878997,2.5138304233551025,success,
773,2,2,How does GPU scheduling work?,1778536836.8883886,1778536839.3739579,2.4855692386627197,success,
778,1,1,How does GPU scheduling work?,1778536838.3681116,1778536839.5397696,1.1716580390930176,success,
776,1,0,Explain gradient descent,1778536837.7667131,1778536840.100502,2.3337888717651367,success,
779,2,3,What is load balancing?,1778536838.688611,1778536840.228064,1.5394530296325684,success,
777,2,2,What is load balancing?,1778536838.0679348,1778536840.8858957,2.8179609775543213,success,
782,1,1,What is load balancing?,1778536839.615249,1778536841.1080453,1.4927964210510254,success,
780,1,0,What is microservices architecture?,1778536838.9798305,1778536841.1080453,2.1282148361206055,success,
783,2,3,What is distributed computing?,1778536839.8744967,1778536841.6452398,1.7707431316375732,success,
781,2,2,Explain gradient descent,1778536839.2986932,1778536841.9645295,2.6658363342285156,success,
784,1,0,What is Kubernetes?,1778536840.1976762,1778536842.1752803,1.9776041507720947,success,
786,1,1,Explain REST API design,1778536840.7895346,1778536842.2130187,1.4234840869903564,success,
785,2,2,Explain Docker containers,1778536840.5013335,1778536842.9276433,2.426309823989868,success,
787,2,3,How does hashing work?,1778536841.0886815,1778536843.033682,1.9450006484985352,success,
788,1,0,Explain Docker containers,1778536841.3775523,1778536843.1691039,1.7915515899658203,success,
790,1,1,What is distributed computing?,1778536841.9988332,1778536843.7689877,1.7701544761657715,success,
789,2,2,Define neural networks,1778536841.6772614,1778536843.8708842,2.1936228275299072,success,
791,2,3,How does GPU scheduling work?,1778536842.3322778,1778536844.048369,1.7160911560058594,success,
792,1,0,Define neural networks,1778536842.5803988,1778536844.0978694,1.5174705982208252,success,
794,1,1,Define neural networks,1778536843.196985,1778536844.792316,1.5953309535980225,success,
793,2,2,Explain REST API design,1778536842.8971264,1778536845.0398753,2.1427488327026367,success,
795,2,3,Explain REST API design,1778536843.509278,1778536845.2836893,1.7744112014770508,success,
796,1,0,What is a deadlock?,1778536843.7842448,1778536845.3218606,1.5376157760620117,success,
798,1,1,Explain gradient descent,1778536844.3864725,1778536845.914354,1.5278816223144531,success,
797,2,2,Explain Docker containers,1778536844.0828202,1778536846.085244,2.0024237632751465,success,
799,2,3,What is a blockchain?,1778536844.6840856,1778536846.3347573,1.6506717205047607,success,
800,1,0,How does GPU scheduling work?,1778536844.9848258,1778536846.5491211,1.5642952919006348,success,
802,1,1,Define neural networks,1778536845.5903826,1778536846.9497426,1.3593599796295166,success,
801,2,2,Explain MapReduce,1778536845.286078,1778536847.2309887,1.9449107646942139,success,
803,2,3,What is concurrency vs parallelism?,1778536845.9078913,1778536847.440658,1.5327668190002441,success,
804,1,0,What is concurrency vs parallelism?,1778536846.1955433,1778536847.6458101,1.4502668380737305,success,
805,2,2,What is a blockchain?,1778536846.5039682,1778536848.3661788,1.8622105121612549,success,
806,1,1,How does hashing work?,1778536846.7940311,1778536848.412065,1.6180338859558105,success,
807,2,3,What is a blockchain?,1778536847.0945208,1778536848.5584965,1.4639756679534912,success,
808,1,0,What is concurrency vs parallelism?,1778536847.4144835,1778536848.693803,1.2793195247650146,success,
810,1,1,How does GPU scheduling work?,1778536848.01049,1778536849.513827,1.5033371448516846,success,
809,2,2,Explain MapReduce,1778536847.6955523,1778536849.560647,1.8650946617126465,success,
811,2,3,What is Kubernetes?,1778536848.3111258,1778536849.5676527,1.2565269470214844,success,
812,1,0,Explain gradient descent,1778536848.599293,1778536849.8637238,1.2644307613372803,success,
813,2,2,What is microservices architecture?,1778536848.902847,1778536850.6576977,1.7548506259918213,success,
815,2,3,What is a blockchain?,1778536849.5059094,1778536850.7092142,1.2033047676086426,success,
814,1,1,How does GPU scheduling work?,1778536849.2092032,1778536850.7850645,1.5758612155914307,success,
816,1,0,What is load balancing?,1778536849.8047774,1778536851.4950948,1.6903173923492432,success,
817,2,2,Explain MapReduce,1778536850.1377513,1778536851.7968426,1.6590912342071533,success,
818,1,1,Define neural networks,1778536850.4185543,1778536851.8003783,1.381824016571045,success,
819,2,3,What is a deadlock?,1778536850.7246377,1778536852.1526961,1.428058385848999,success,
821,2,2,Explain gradient descent,1778536851.3170378,1778536852.9525917,1.6355538368225098,success,
820,1,0,What is load balancing?,1778536851.0052996,1778536853.301265,2.2959654331207275,success,
822,1,1,What is distributed computing?,1778536851.61007,1778536853.3606155,1.7505455017089844,success,
823,2,3,What is load balancing?,1778536851.9082355,1778536853.7635572,1.8553216457366943,success,
825,2,2,Define neural networks,1778536852.5265782,1778536854.0522044,1.5256261825561523,success,
824,1,0,What is concurrency vs parallelism?,1778536852.2109406,1778536854.4293187,2.2183780670166016,success,
827,2,3,Explain REST API design,1778536853.1416078,1778536854.9370549,1.7954471111297607,success,
826,1,1,How does hashing work?,1778536852.851776,1778536854.9756286,2.1238527297973633,success,
829,2,2,How does hashing work?,1778536853.731414,1778536855.4031012,1.671687126159668,success,
828,1,0,What is a deadlock?,1778536853.411306,1778536855.6132176,2.201911687850952,success,
830,1,1,Explain MapReduce,1778536854.0146613,1778536855.9662495,1.9515881538391113,success,
831,2,3,Define neural networks,1778536854.3383281,1778536856.0391555,1.7008273601531982,success,
833,2,2,Explain gradient descent,1778536854.9160903,1778536856.371711,1.4556207656860352,success,
832,1,0,Explain Docker containers,1778536854.6220858,1778536856.4958158,1.873729944229126,success,
834,1,1,Explain Docker containers,1778536855.2336292,1778536857.0932329,1.8596036434173584,success,
835,2,3,Explain REST API design,1778536855.5156763,1778536857.1662977,1.6506214141845703,success,
836,1,0,Define neural networks,1778536855.8390765,1778536857.411837,1.5727605819702148,success,
837,2,2,Explain REST API design,1778536856.134756,1778536857.5933638,1.4586076736450195,success,
838,1,1,What is Kubernetes?,1778536856.4396167,1778536858.1256776,1.686060905456543,success,
839,2,3,Define neural networks,1778536856.7170162,1778536858.1256776,1.4086613655090332,success,
841,2,2,What is microservices architecture?,1778536857.3324988,1778536858.5279582,1.1954593658447266,success,
840,1,0,What is microservices architecture?,1778536857.0241702,1778536858.5289638,1.504793643951416,success,
842,1,1,Explain Docker containers,1778536857.6343327,1778536859.0873375,1.4530048370361328,success,
843,2,3,Explain Docker containers,1778536857.9215877,1778536859.1671593,1.2455716133117676,success,
844,1,0,Explain gradient descent,1778536858.2539535,1778536859.5281253,1.2741718292236328,success,
845,2,2,How does hashing work?,1778536858.5349622,1778536859.8191917,1.2842295169830322,success,
847,2,3,Explain MapReduce,1778536859.1238704,1778536860.2014358,1.0775654315948486,success,
848,1,0,What is Kubernetes?,1778536859.4235873,1778536860.4046135,0.9810261726379395,success,
846,1,1,What is distributed computing?,1778536858.8354104,1778536860.6121037,1.776693344116211,success,
849,2,2,Explain REST API design,1778536859.7336493,1778536860.8953218,1.161672592163086,success,
851,2,3,How does hashing work?,1778536860.3392968,1778536861.5720613,1.232764482498169,success,
850,1,1,Difference between TCP and UDP,1778536860.0427935,1778536861.6275396,1.5847461223602295,success,
852,1,0,Define neural networks,1778536860.6275146,1778536861.6769257,1.0494110584259033,success,
853,2,2,What is distributed computing?,1778536860.9642985,1778536862.4393728,1.475074291229248,success,
855,2,3,How does GPU scheduling work?,1778536861.5354347,1778536862.5349803,0.9995455741882324,success,
854,1,1,Explain gradient descent,1778536861.227442,1778536862.618131,1.3906888961791992,success,
856,1,0,What is a blockchain?,1778536861.8513262,1778536862.7515063,0.9001801013946533,success,
857,2,2,What is a deadlock?,1778536862.1386886,1778536863.6691287,1.530440092086792,success,
858,1,1,What is a deadlock?,1778536862.4432511,1778536863.7563586,1.3131074905395508,success,
859,2,3,How does hashing work?,1778536862.7685418,1778536864.0696092,1.3010673522949219,success,
860,1,0,How does hashing work?,1778536863.0313003,1778536864.3713589,1.3400585651397705,success,
862,1,1,What is concurrency vs parallelism?,1778536863.64275,1778536864.750278,1.1075279712677002,success,
863,2,3,What is a blockchain?,1778536863.9336782,1778536865.0077777,1.0740995407104492,success,
861,2,2,What is distributed computing?,1778536863.3479023,1778536865.0994987,1.751596450805664,success,
864,1,0,What is a deadlock?,1778536864.2346187,1778536865.7107887,1.4761700630187988,success,
865,2,2,Define neural networks,1778536864.5352845,1778536865.9719868,1.4367022514343262,success,
866,1,1,How does hashing work?,1778536864.8458655,1778536866.1275897,1.281724214553833,success,
867,2,3,What is distributed computing?,1778536865.136137,1778536866.6407413,1.5046043395996094,success,
868,1,0,What is concurrency vs parallelism?,1778536865.446533,1778536866.6906946,1.244161605834961,success,
869,2,2,What is concurrency vs parallelism?,1778536865.7619982,1778536867.0530586,1.291060447692871,success,
871,2,3,Explain Docker containers,1778536866.3632693,1778536867.5587356,1.1954662799835205,success,
872,1,0,What is microservices architecture?,1778536866.6846335,1778536867.6809344,0.9963009357452393,success,
870,1,1,What is load balancing?,1778536866.0374057,1778536867.7075908,1.6701850891113281,success,
873,2,2,What is a blockchain?,1778536866.9519227,1778536868.085179,1.133256435394287,success,
875,2,3,Explain MapReduce,1778536867.5411413,1778536868.4880471,0.9469058513641357,success,
874,1,1,Explain Docker containers,1778536867.2426527,1778536868.5848124,1.3421597480773926,success,
876,1,0,Define neural networks,1778536867.8633096,1778536868.7610993,0.897789716720581,success,
877,2,2,What is load balancing?,1778536868.1421564,1778536869.4940372,1.3518807888031006,success,
879,2,3,What is Kubernetes?,1778536868.7590241,1778536869.7650566,1.0060324668884277,success,
878,1,1,How does hashing work?,1778536868.456978,1778536869.8381689,1.3811907768249512,success,
880,1,0,What is a blockchain?,1778536869.0771325,1778536870.1220982,1.0449657440185547,success,
881,2,2,What is a deadlock?,1778536869.378644,1778536870.7835367,1.4048926830291748,success,
882,1,1,Explain Docker containers,1778536869.6828878,1778536871.003688,1.3208003044128418,success,
883,2,3,Explain gradient descent,1778536869.9525084,1778536871.0425203,1.0900118350982666,success,
884,1,0,Explain Docker containers,1778536870.2512014,1778536871.196889,0.9456875324249268,success,
885,2,2,Difference between TCP and UDP,1778536870.553343,1778536871.7917888,1.23844575881958,success,
886,1,1,What is Kubernetes?,1778536870.869789,1778536872.0383422,1.168553352355957,success,
887,2,3,Difference between TCP and UDP,1778536871.1695137,1778536872.128955,0.9594411849975586,success,
888,1,0,Difference between TCP and UDP,1778536871.4852686,1778536872.571102,1.0858333110809326,success,
889,2,2,What is a blockchain?,1778536871.7781112,1778536872.9275856,1.1494743824005127,success,
890,1,1,Explain gradient descent,1778536872.0572891,1778536873.3187947,1.2615056037902832,success,
891,2,3,What is a deadlock?,1778536872.3565843,1778536873.8253222,1.4687378406524658,success,
893,2,2,Difference between TCP and UDP,1778536872.9587374,1778536874.2714915,1.3127541542053223,success,
892,1,0,What is load balancing?,1778536872.681529,1778536874.2975376,1.6160085201263428,success,
894,1,1,What is Kubernetes?,1778536873.2773402,1778536874.542666,1.2653257846832275,success,
896,1,0,Explain Docker containers,1778536873.883398,1778536875.2944343,1.4110362529754639,success,
895,2,3,Explain REST API design,1778536873.5791452,1778536875.3046613,1.7255160808563232,success,
897,2,2,Define neural networks,1778536874.1645918,1778536875.3630774,1.1984856128692627,success,
898,1,1,What is a blockchain?,1778536874.487234,1778536875.6808085,1.1935744285583496,success,
899,2,3,What is Kubernetes?,1778536874.7744966,1778536876.44416,1.669663429260254,success,
901,2,2,What is concurrency vs parallelism?,1778536875.3925207,1778536876.538317,1.145796298980713,success,
900,1,0,What is a deadlock?,1778536875.073614,1778536876.7361913,1.6625773906707764,success,
902,1,1,What is microservices architecture?,1778536875.6808085,1778536876.933721,1.2529125213623047,success,
904,1,0,Explain Docker containers,1778536876.2841237,1778536877.745475,1.4613513946533203,success,
905,2,2,Explain gradient descent,1778536876.5953631,1778536877.8624203,1.267057180404663,success,
906,1,1,Difference between TCP and UDP,1778536876.8851426,1778536878.076922,1.191779375076294,success,
903,2,3,What is distributed computing?,1778536875.9945817,1778536878.282895,2.288313388824463,success,
908,1,0,Difference between TCP and UDP,1778536877.4856644,1778536878.9364493,1.4507849216461182,success,
909,2,2,Explain gradient descent,1778536877.7740157,1778536879.1058092,1.3317935466766357,success,
910,1,1,What is concurrency vs parallelism?,1778536878.0962255,1778536879.1881437,1.0919182300567627,success,
907,2,3,Define neural networks,1778536877.1825652,1778536879.350998,2.1684327125549316,success,
913,2,2,What is microservices architecture?,1778536878.9987214,1778536880.079243,1.080521583557129,success,
911,2,3,What is Kubernetes?,1778536878.3961828,1778536880.3063898,1.9102070331573486,success,
912,1,0,What is a deadlock?,1778536878.6735134,1778536880.4686565,1.7951431274414062,success,
914,1,1,What is a deadlock?,1778536879.2739544,1778536880.591592,1.3176376819610596,success,
916,1,0,What is a blockchain?,1778536879.876701,1778536881.4831564,1.6064553260803223,success,
917,2,2,What is a deadlock?,1778536880.1904674,1778536881.5738342,1.3833668231964111,success,
918,1,1,What is microservices architecture?,1778536880.4784527,1778536881.6111646,1.1327118873596191,success,
915,2,3,What is distributed computing?,1778536879.5735388,1778536881.880528,2.3069891929626465,success,
920,1,0,What is Kubernetes?,1778536881.0793915,1778536882.4049013,1.325509786605835,success,
922,1,1,How does GPU scheduling work?,1778536881.7152064,1778536882.710326,0.995119571685791,success,
921,2,2,What is distributed computing?,1778536881.3957975,1778536882.9224026,1.5266051292419434,success,
919,2,3,Explain Docker containers,1778536880.8159084,1778536882.9613554,2.145447015762329,success,
924,1,0,Difference between TCP and UDP,1778536882.2777388,1778536883.3364065,1.0586676597595215,success,
923,2,3,What is microservices architecture?,1778536881.9905205,1778536883.8901253,1.8996047973632812,success,
926,1,1,What is concurrency vs parallelism?,1778536882.8802564,1778536883.9432516,1.062995195388794,success,
925,2,2,How does hashing work?,1778536882.57954,1778536884.3341165,1.7545764446258545,success,
928,1,0,What is a blockchain?,1778536883.4813132,1778536884.3771842,0.8958709239959717,success,
927,2,3,Explain Docker containers,1778536883.1825962,1778536884.6836956,1.5010993480682373,success,
930,1,1,What is concurrency vs parallelism?,1778536884.118981,1778536885.0541801,0.9351992607116699,success,
929,2,2,Explain Docker containers,1778536883.7931788,1778536885.2917967,1.4986178874969482,success,
932,1,0,How does GPU scheduling work?,1778536884.708667,1778536885.7133033,1.004636287689209,success,
931,2,3,What is distributed computing?,1778536884.3840241,1778536886.1038873,1.7198631763458252,success,
933,2,2,Define neural networks,1778536884.9943564,1778536886.1514754,1.1571190357208252,success,
934,1,1,What is microservices architecture?,1778536885.2998405,1778536886.27437,0.974529504776001,success,
936,1,0,Explain MapReduce,1778536885.908472,1778536886.871988,0.9635159969329834,success,
937,2,2,Define neural networks,1778536886.2210467,1778536887.0392299,0.818183183670044,success,
935,2,3,What is load balancing?,1778536885.6138446,1778536887.3209934,1.707148790359497,success,
938,1,1,Explain Docker containers,1778536886.5157528,1778536887.3560803,0.8403275012969971,success,
939,2,3,Explain MapReduce,1778536886.846404,1778536888.1436439,1.2972397804260254,success,
941,2,2,Explain Docker containers,1778536887.414022,1778536888.2254295,0.8114075660705566,success,
940,1,0,Explain REST API design,1778536887.098717,1778536888.2624362,1.1637191772460938,success,
942,1,1,Explain gradient descent,1778536887.7018106,1778536888.7681696,1.066359043121338,success,
944,1,0,What is a blockchain?,1778536888.3048627,1778536889.1720958,0.8672330379486084,success,
943,2,3,What is distributed computing?,1778536888.0483928,1778536889.3624415,1.3140487670898438,success,
945,2,2,How does hashing work?,1778536888.614318,1778536889.8592212,1.244903326034546,success,
946,1,1,What is concurrency vs parallelism?,1778536888.94162,1778536890.0331721,1.0915520191192627,success,
947,2,3,How does GPU scheduling work?,1778536889.2237253,1778536890.3809495,1.157224178314209,success,
948,1,0,Explain REST API design,1778536889.5167968,1778536890.6448333,1.1280364990234375,success,
950,1,1,Define neural networks,1778536890.1071897,1778536891.0855534,0.9783637523651123,success,
949,2,2,What is load balancing?,1778536889.8411813,1778536891.196398,1.3552167415618896,success,
951,2,3,What is microservices architecture?,1778536890.441084,1778536891.4481137,1.0070297718048096,success,
953,2,2,What is microservices architecture?,1778536891.0154717,1778536892.1045556,1.0890839099884033,success,
954,1,1,What is Kubernetes?,1778536891.3235414,1778536892.1642594,0.8407180309295654,success,
952,1,0,What is distributed computing?,1778536890.7578478,1778536892.2629557,1.5051078796386719,success,
955,2,3,Explain gradient descent,1778536891.6237378,1778536892.8261359,1.2023980617523193,success,
956,1,0,How does GPU scheduling work?,1778536891.9100525,1778536893.1642675,1.2542150020599365,success,
958,1,1,Explain MapReduce,1778536892.5116272,1778536893.3677645,0.8561372756958008,success,
957,2,2,What is a deadlock?,1778536892.2217915,1778536893.4676423,1.2458508014678955,success,
959,2,3,Explain gradient descent,1778536892.8170168,1778536893.9215474,1.1045305728912354,success,
960,1,0,Explain Docker containers,1778536893.1295576,1778536894.1370668,1.0075092315673828,success,
961,2,2,Explain gradient descent,1778536893.4369147,1778536894.4779968,1.0410821437835693,success,
962,1,1,What is a blockchain?,1778536893.7324388,1778536894.7231119,0.9906730651855469,success,
963,2,3,What is a deadlock?,1778536894.0201817,1778536895.2628694,1.242687702178955,success,
965,2,2,Explain Docker containers,1778536894.6556623,1778536895.6556108,0.9999485015869141,success,
964,1,0,What is load balancing?,1778536894.3431282,1778536895.8765042,1.5333759784698486,success,
966,1,1,Explain MapReduce,1778536894.9399714,1778536896.09488,1.1549086570739746,success,
967,2,3,Explain REST API design,1778536895.2196336,1778536896.6288738,1.4092402458190918,success,
969,2,2,What is microservices architecture?,1778536895.8411093,1778536896.885166,1.0440566539764404,success,
968,1,0,Define neural networks,1778536895.523708,1778536896.955255,1.431546926498413,success,
970,1,1,Explain REST API design,1778536896.1247501,1778536897.3413546,1.216604471206665,success,
971,2,3,Define neural networks,1778536896.4385717,1778536897.6899357,1.25136399269104,success,
972,1,0,What is Kubernetes?,1778536896.737722,1778536897.9325023,1.1947803497314453,success,
974,1,1,Explain Docker containers,1778536897.3508892,1778536898.343989,0.9930996894836426,success,
973,2,2,What is a deadlock?,1778536897.0627997,1778536898.455621,1.3928213119506836,success,
975,2,3,Explain Docker containers,1778536897.6269238,1778536898.7304413,1.1035175323486328,success,
976,1,0,How does GPU scheduling work?,1778536897.9281085,1778536899.0356805,1.107572078704834,success,
977,2,2,Explain Docker containers,1778536898.2295477,1778536899.458358,1.2288103103637695,success,
978,1,1,What is microservices architecture?,1778536898.5398943,1778536899.78236,1.2424657344818115,success,
980,1,0,What is Kubernetes?,1778536899.130593,1778536900.1577468,1.027153730392456,success,
979,2,3,What is load balancing?,1778536898.8670256,1778536900.4285598,1.5615341663360596,success,
981,2,2,How does GPU scheduling work?,1778536899.4319453,1778536900.710869,1.278923749923706,success,
982,1,1,Explain MapReduce,1778536899.7553759,1778536900.836126,1.0807502269744873,success,
984,1,0,What is microservices architecture?,1778536900.3467612,1778536901.514025,1.1672637462615967,success,
983,2,3,How does hashing work?,1778536900.0583818,1778536901.9457552,1.887373447418213,success,
985,2,2,Explain REST API design,1778536900.6359224,1778536902.003135,1.3672125339508057,success,
986,1,1,Explain MapReduce,1778536900.935374,1778536902.0810146,1.1456406116485596,success,
988,1,0,What is a deadlock?,1778536901.5421922,1778536902.8870277,1.3448355197906494,success,
989,2,2,Explain gradient descent,1778536901.8403912,1778536903.043901,1.20350980758667,success,
990,1,1,Define neural networks,1778536902.1392694,1778536903.1800606,1.0407912731170654,success,
987,2,3,What is load balancing?,1778536901.238445,1778536903.6592364,2.4207913875579834,success,
992,1,0,What is concurrency vs parallelism?,1778536902.7747855,1778536903.7830696,1.008284091949463,success,
994,1,1,What is Kubernetes?,1778536903.3363402,1778536904.1467366,0.8103964328765869,success,
993,2,2,What is a deadlock?,1778536903.0374534,1778536904.1479955,1.1105420589447021,success,
991,2,3,What is concurrency vs parallelism?,1778536902.454436,1778536904.6299825,2.175546407699585,success,
996,1,0,Explain MapReduce,1778536903.9512465,1778536904.906086,0.9548394680023193,success,
997,2,2,What is concurrency vs parallelism?,1778536904.2399218,1778536905.2468913,1.0069694519042969,success,
998,1,1,What is microservices architecture?,1778536904.5515773,1778536905.3870313,0.835453987121582,success,
995,2,3,Difference between TCP and UDP,1778536903.6524506,1778536905.4044414,1.751990795135498,success,
999,2,3,Define neural networks,1778536904.892304,1778536905.9486666,1.0563626289367676,success,
